TML_DTA_SOMM,TML_VAX_FORNITORE,TML_DES_STRUTTURA,TML_AREA,TML_FASCIA_ETA,TML_SESSO_M,TML_SESSO_F,TML_CAT_OSS,TML_CAT_PERSONALE,TML_CAT_RSA_OSPITI,TML_CAT_ALTRO,TML_DOSE_1,TML_DOSE_2,TML_REGIONE
2020-12-27,PF/BT,"P.O. ""G. Mazzini"" - Teramo",ABR,20-29,1,4,5,0,0,0,5,0,Abruzzo
2020-12-27,PF/BT,"P.O. ""G. Mazzini"" - Teramo",ABR,30-39,5,11,16,0,0,0,16,0,Abruzzo
2020-12-27,PF/BT,"P.O. ""G. Mazzini"" - Teramo",ABR,40-49,11,19,28,1,0,1,30,0,Abruzzo
2020-12-27,PF/BT,"P.O. ""G. Mazzini"" - Teramo",ABR,50-59,19,15,31,0,0,3,34,0,Abruzzo
2020-12-27,PF/BT,"P.O. ""G. Mazzini"" - Teramo",ABR,60-69,33,15,35,2,0,11,48,0,Abruzzo
2020-12-27,PF/BT,"P.O. ""G. Mazzini"" - Teramo",ABR,70-79,1,0,0,0,1,0,1,0,Abruzzo
2020-12-27,PF/BT,"P.O. ""G. Mazzini"" - Teramo",ABR,80-89,1,0,0,0,1,0,1,0,Abruzzo
2021-01-02,PF/BT,ASL1 AVEZZANO SULMONA L'AQUILA 130003,ABR,30-39,4,6,10,0,0,0,10,0,Abruzzo
2021-01-02,PF/BT,ASL1 AVEZZANO SULMONA L'AQUILA 130003,ABR,40-49,1,5,6,0,0,0,6,0,Abruzzo
2021-01-02,PF/BT,ASL1 AVEZZANO SULMONA L'AQUILA 130003,ABR,50-59,2,2,4,0,0,0,4,0,Abruzzo
2021-01-02,PF/BT,ASL1 AVEZZANO SULMONA L'AQUILA 130003,ABR,60-69,8,2,10,0,0,0,10,0,Abruzzo
2021-01-02,PF/BT,CENTRO VACCINAZIONI L'AQUILA,ABR,16-19,0,1,1,0,0,0,1,0,Abruzzo
2021-01-02,PF/BT,CENTRO VACCINAZIONI L'AQUILA,ABR,20-29,1,1,2,0,0,0,2,0,Abruzzo
2021-01-02,PF/BT,CENTRO VACCINAZIONI L'AQUILA,ABR,30-39,1,5,5,1,0,0,6,0,Abruzzo
2021-01-02,PF/BT,CENTRO VACCINAZIONI L'AQUILA,ABR,40-49,4,6,8,2,0,0,10,0,Abruzzo
2021-01-02,PF/BT,CENTRO VACCINAZIONI L'AQUILA,ABR,50-59,2,7,9,0,0,0,9,0,Abruzzo
2021-01-02,PF/BT,CENTRO VACCINAZIONI L'AQUILA,ABR,60-69,5,3,8,0,0,0,8,0,Abruzzo
2021-01-02,PF/BT,OSPEDALE DELLA VAL VIBRATA,ABR,20-29,1,9,10,0,0,0,10,0,Abruzzo
2021-01-02,PF/BT,OSPEDALE DELLA VAL VIBRATA,ABR,30-39,6,5,11,0,0,0,11,0,Abruzzo
2021-01-02,PF/BT,OSPEDALE DELLA VAL VIBRATA,ABR,40-49,3,13,16,0,0,0,16,0,Abruzzo
2021-01-02,PF/BT,OSPEDALE DELLA VAL VIBRATA,ABR,50-59,4,5,9,0,0,0,9,0,Abruzzo
2021-01-02,PF/BT,OSPEDALE DELLA VAL VIBRATA,ABR,60-69,5,3,8,0,0,0,8,0,Abruzzo
2021-01-02,PF/BT,OSPEDALE MARIA S.S. DELLO SPLENDORE,ABR,20-29,2,6,8,0,0,0,8,0,Abruzzo
2021-01-02,PF/BT,OSPEDALE MARIA S.S. DELLO SPLENDORE,ABR,30-39,2,12,14,0,0,0,14,0,Abruzzo
2021-01-02,PF/BT,OSPEDALE MARIA S.S. DELLO SPLENDORE,ABR,40-49,3,11,14,0,0,0,14,0,Abruzzo
2021-01-02,PF/BT,OSPEDALE MARIA S.S. DELLO SPLENDORE,ABR,50-59,8,15,23,0,0,0,23,0,Abruzzo
2021-01-02,PF/BT,OSPEDALE MARIA S.S. DELLO SPLENDORE,ABR,60-69,5,2,7,0,0,0,7,0,Abruzzo
2021-01-02,PF/BT,OSPEDALE SAN LIBERATORE   DI ATRI  (TE),ABR,20-29,2,10,12,0,0,0,12,0,Abruzzo
2021-01-02,PF/BT,OSPEDALE SAN LIBERATORE   DI ATRI  (TE),ABR,30-39,10,13,23,0,0,0,23,0,Abruzzo
2021-01-02,PF/BT,OSPEDALE SAN LIBERATORE   DI ATRI  (TE),ABR,40-49,11,16,27,0,0,0,27,0,Abruzzo
2021-01-02,PF/BT,OSPEDALE SAN LIBERATORE   DI ATRI  (TE),ABR,50-59,12,11,23,0,0,0,23,0,Abruzzo
2021-01-02,PF/BT,OSPEDALE SAN LIBERATORE   DI ATRI  (TE),ABR,60-69,7,3,10,0,0,0,10,0,Abruzzo
2021-01-02,PF/BT,OSPEDALE SAN LIBERATORE   DI ATRI  (TE),ABR,70-79,1,0,1,0,0,0,1,0,Abruzzo
2021-01-02,PF/BT,"P.O. ""G. Mazzini"" - Teramo",ABR,20-29,1,17,18,0,0,0,18,0,Abruzzo
2021-01-02,PF/BT,"P.O. ""G. Mazzini"" - Teramo",ABR,30-39,14,16,30,0,0,0,30,0,Abruzzo
2021-01-02,PF/BT,"P.O. ""G. Mazzini"" - Teramo",ABR,40-49,9,22,31,0,0,0,31,0,Abruzzo
2021-01-02,PF/BT,"P.O. ""G. Mazzini"" - Teramo",ABR,50-59,8,18,26,0,0,0,26,0,Abruzzo
2021-01-02,PF/BT,"P.O. ""G. Mazzini"" - Teramo",ABR,60-69,8,7,15,0,0,0,15,0,Abruzzo
2021-01-02,PF/BT,P.O. CLINICIZZ. 'SS. ANNUNZIATA' CHIETI,ABR,20-29,4,3,7,0,0,0,7,0,Abruzzo
2021-01-02,PF/BT,P.O. CLINICIZZ. 'SS. ANNUNZIATA' CHIETI,ABR,30-39,2,8,10,0,0,0,10,0,Abruzzo
2021-01-02,PF/BT,P.O. CLINICIZZ. 'SS. ANNUNZIATA' CHIETI,ABR,40-49,7,8,15,0,0,0,15,0,Abruzzo
2021-01-02,PF/BT,P.O. CLINICIZZ. 'SS. ANNUNZIATA' CHIETI,ABR,50-59,5,8,13,0,0,0,13,0,Abruzzo
2021-01-02,PF/BT,P.O. CLINICIZZ. 'SS. ANNUNZIATA' CHIETI,ABR,60-69,7,7,13,1,0,0,14,0,Abruzzo
2021-01-02,PF/BT,P.O. Pescara,ABR,20-29,3,9,12,0,0,0,12,0,Abruzzo
2021-01-02,PF/BT,P.O. Pescara,ABR,30-39,11,9,20,0,0,0,20,0,Abruzzo
2021-01-02,PF/BT,P.O. Pescara,ABR,40-49,5,9,14,0,0,0,14,0,Abruzzo
2021-01-02,PF/BT,P.O. Pescara,ABR,50-59,5,4,9,0,0,0,9,0,Abruzzo
2021-01-02,PF/BT,P.O. Pescara,ABR,60-69,3,1,4,0,0,0,4,0,Abruzzo
2021-01-02,PF/BT,PO SULMONA DELL'ANNUNZIATA,ABR,20-29,2,0,2,0,0,0,2,0,Abruzzo
2021-01-02,PF/BT,PO SULMONA DELL'ANNUNZIATA,ABR,30-39,2,2,4,0,0,0,4,0,Abruzzo
2021-01-02,PF/BT,PO SULMONA DELL'ANNUNZIATA,ABR,40-49,7,3,9,1,0,0,10,0,Abruzzo
2021-01-02,PF/BT,PO SULMONA DELL'ANNUNZIATA,ABR,50-59,2,6,8,0,0,0,8,0,Abruzzo
2021-01-02,PF/BT,PO SULMONA DELL'ANNUNZIATA,ABR,60-69,3,3,6,0,0,0,6,0,Abruzzo
2021-01-03,PF/BT,CENTRO VACCINAZIONI PRESIDIO OSPEDALIERO SULMONA,ABR,20-29,2,2,4,0,0,0,4,0,Abruzzo
2021-01-03,PF/BT,CENTRO VACCINAZIONI PRESIDIO OSPEDALIERO SULMONA,ABR,30-39,3,14,17,0,0,0,17,0,Abruzzo
2021-01-03,PF/BT,CENTRO VACCINAZIONI PRESIDIO OSPEDALIERO SULMONA,ABR,40-49,8,14,22,0,0,0,22,0,Abruzzo
2021-01-03,PF/BT,CENTRO VACCINAZIONI PRESIDIO OSPEDALIERO SULMONA,ABR,50-59,12,14,26,0,0,0,26,0,Abruzzo
2021-01-03,PF/BT,CENTRO VACCINAZIONI PRESIDIO OSPEDALIERO SULMONA,ABR,60-69,9,15,23,1,0,0,24,0,Abruzzo
2021-01-03,PF/BT,OSPEDALE MARIA S.S. DELLO SPLENDORE,ABR,20-29,3,4,7,0,0,0,7,0,Abruzzo
2021-01-03,PF/BT,OSPEDALE MARIA S.S. DELLO SPLENDORE,ABR,30-39,6,4,7,3,0,0,10,0,Abruzzo
2021-01-03,PF/BT,OSPEDALE MARIA S.S. DELLO SPLENDORE,ABR,40-49,8,8,15,1,0,0,16,0,Abruzzo
2021-01-03,PF/BT,OSPEDALE MARIA S.S. DELLO SPLENDORE,ABR,50-59,11,13,22,2,0,0,24,0,Abruzzo
2021-01-03,PF/BT,OSPEDALE MARIA S.S. DELLO SPLENDORE,ABR,60-69,5,4,9,0,0,0,9,0,Abruzzo
2021-01-03,PF/BT,OSPEDALE SAN LIBERATORE DI ATRI,ABR,20-29,4,7,11,0,0,0,11,0,Abruzzo
2021-01-03,PF/BT,OSPEDALE SAN LIBERATORE DI ATRI,ABR,30-39,4,5,9,0,0,0,9,0,Abruzzo
2021-01-03,PF/BT,OSPEDALE SAN LIBERATORE DI ATRI,ABR,40-49,9,25,34,0,0,0,34,0,Abruzzo
2021-01-03,PF/BT,OSPEDALE SAN LIBERATORE DI ATRI,ABR,50-59,7,23,30,0,0,0,30,0,Abruzzo
2021-01-03,PF/BT,OSPEDALE SAN LIBERATORE DI ATRI,ABR,60-69,4,8,12,0,0,0,12,0,Abruzzo
2021-01-03,PF/BT,"P.O. ""G. MAZZINI""",ABR,20-29,3,17,20,0,0,0,20,0,Abruzzo
2021-01-03,PF/BT,"P.O. ""G. MAZZINI""",ABR,30-39,17,17,34,0,0,0,34,0,Abruzzo
2021-01-03,PF/BT,"P.O. ""G. MAZZINI""",ABR,40-49,17,25,42,0,0,0,42,0,Abruzzo
2021-01-03,PF/BT,"P.O. ""G. MAZZINI""",ABR,50-59,12,17,29,0,0,0,29,0,Abruzzo
2021-01-03,PF/BT,"P.O. ""G. MAZZINI""",ABR,60-69,5,8,13,0,0,0,13,0,Abruzzo
2021-01-03,PF/BT,P.O. CLINICIZZ. 'SS. ANNUNZIATA' CHIETI,ABR,20-29,2,7,9,0,0,0,9,0,Abruzzo
2021-01-03,PF/BT,P.O. CLINICIZZ. 'SS. ANNUNZIATA' CHIETI,ABR,30-39,8,4,12,0,0,0,12,0,Abruzzo
2021-01-03,PF/BT,P.O. CLINICIZZ. 'SS. ANNUNZIATA' CHIETI,ABR,40-49,13,15,28,0,0,0,28,0,Abruzzo
2021-01-03,PF/BT,P.O. CLINICIZZ. 'SS. ANNUNZIATA' CHIETI,ABR,50-59,5,7,11,1,0,0,12,0,Abruzzo
2021-01-03,PF/BT,P.O. CLINICIZZ. 'SS. ANNUNZIATA' CHIETI,ABR,60-69,1,3,4,0,0,0,4,0,Abruzzo
2021-01-03,PF/BT,P.O. S.Spirito Pescara,ABR,20-29,10,35,45,0,0,0,45,0,Abruzzo
2021-01-03,PF/BT,P.O. S.Spirito Pescara,ABR,30-39,9,9,18,0,0,0,18,0,Abruzzo
2021-01-03,PF/BT,P.O. S.Spirito Pescara,ABR,40-49,5,8,13,0,0,0,13,0,Abruzzo
2021-01-03,PF/BT,P.O. S.Spirito Pescara,ABR,50-59,6,5,11,0,0,0,11,0,Abruzzo
2021-01-03,PF/BT,P.O. S.Spirito Pescara,ABR,80-89,0,1,1,0,0,0,1,0,Abruzzo
2021-01-03,PF/BT,P.O. VASTO S.Pio da Pietralcina,ABR,30-39,2,1,3,0,0,0,3,0,Abruzzo
2021-01-03,PF/BT,P.O. VASTO S.Pio da Pietralcina,ABR,40-49,3,2,5,0,0,0,5,0,Abruzzo
2021-01-03,PF/BT,P.O. VASTO S.Pio da Pietralcina,ABR,50-59,5,2,7,0,0,0,7,0,Abruzzo
2021-01-03,PF/BT,P.O. VASTO S.Pio da Pietralcina,ABR,60-69,1,2,3,0,0,0,3,0,Abruzzo
2021-01-04,PF/BT,CENTRO VACCINAZIONI PRESIDIO OSPEDALIERO SULMONA,ABR,30-39,2,3,5,0,0,0,5,0,Abruzzo
2021-01-04,PF/BT,CENTRO VACCINAZIONI PRESIDIO OSPEDALIERO SULMONA,ABR,40-49,6,12,18,0,0,0,18,0,Abruzzo
2021-01-04,PF/BT,CENTRO VACCINAZIONI PRESIDIO OSPEDALIERO SULMONA,ABR,50-59,6,9,15,0,0,0,15,0,Abruzzo
2021-01-04,PF/BT,CENTRO VACCINAZIONI PRESIDIO OSPEDALIERO SULMONA,ABR,60-69,5,5,10,0,0,0,10,0,Abruzzo
2021-01-04,PF/BT,OSPEDALE DELLA VAL VIBRATA - S.OMERO,ABR,20-29,1,3,4,0,0,0,4,0,Abruzzo
2021-01-04,PF/BT,OSPEDALE DELLA VAL VIBRATA - S.OMERO,ABR,30-39,2,3,5,0,0,0,5,0,Abruzzo
2021-01-04,PF/BT,OSPEDALE DELLA VAL VIBRATA - S.OMERO,ABR,40-49,1,1,2,0,0,0,2,0,Abruzzo
2021-01-04,PF/BT,OSPEDALE DELLA VAL VIBRATA - S.OMERO,ABR,50-59,9,17,26,0,0,0,26,0,Abruzzo
2021-01-04,PF/BT,OSPEDALE DELLA VAL VIBRATA - S.OMERO,ABR,60-69,22,10,32,0,0,0,32,0,Abruzzo
2021-01-04,PF/BT,OSPEDALE MARIA SS.MA DELLO SPLENDORE - GIULIANOVA,ABR,20-29,4,9,13,0,0,0,13,0,Abruzzo
2021-01-04,PF/BT,OSPEDALE MARIA SS.MA DELLO SPLENDORE - GIULIANOVA,ABR,30-39,8,15,23,0,0,0,23,0,Abruzzo
2021-01-04,PF/BT,OSPEDALE MARIA SS.MA DELLO SPLENDORE - GIULIANOVA,ABR,40-49,7,19,25,1,0,0,26,0,Abruzzo
2021-01-04,PF/BT,OSPEDALE MARIA SS.MA DELLO SPLENDORE - GIULIANOVA,ABR,50-59,11,15,25,1,0,0,26,0,Abruzzo
2021-01-04,PF/BT,OSPEDALE MARIA SS.MA DELLO SPLENDORE - GIULIANOVA,ABR,60-69,10,10,19,1,0,0,20,0,Abruzzo
2021-01-04,PF/BT,OSPEDALE SAN LIBERATORE DI ATRI,ABR,20-29,0,9,9,0,0,0,9,0,Abruzzo
2021-01-04,PF/BT,OSPEDALE SAN LIBERATORE DI ATRI,ABR,30-39,2,9,11,0,0,0,11,0,Abruzzo
2021-01-04,PF/BT,OSPEDALE SAN LIBERATORE DI ATRI,ABR,40-49,9,18,27,0,0,0,27,0,Abruzzo
2021-01-04,PF/BT,OSPEDALE SAN LIBERATORE DI ATRI,ABR,50-59,12,18,30,0,0,0,30,0,Abruzzo
2021-01-04,PF/BT,OSPEDALE SAN LIBERATORE DI ATRI,ABR,60-69,9,4,13,0,0,0,13,0,Abruzzo
2021-01-04,PF/BT,P.O. CLINICIZZ. 'SS. ANNUNZIATA' CHIETI,ABR,20-29,8,14,22,0,0,0,22,0,Abruzzo
2021-01-04,PF/BT,P.O. CLINICIZZ. 'SS. ANNUNZIATA' CHIETI,ABR,30-39,23,20,42,1,0,0,43,0,Abruzzo
2021-01-04,PF/BT,P.O. CLINICIZZ. 'SS. ANNUNZIATA' CHIETI,ABR,40-49,27,44,71,0,0,0,71,0,Abruzzo
2021-01-04,PF/BT,P.O. CLINICIZZ. 'SS. ANNUNZIATA' CHIETI,ABR,50-59,22,30,52,0,0,0,52,0,Abruzzo
2021-01-04,PF/BT,P.O. CLINICIZZ. 'SS. ANNUNZIATA' CHIETI,ABR,60-69,29,17,46,0,0,0,46,0,Abruzzo
2021-01-04,PF/BT,P.O. G.MAZZINI TERAMO,ABR,20-29,3,5,8,0,0,0,8,0,Abruzzo
2021-01-04,PF/BT,P.O. G.MAZZINI TERAMO,ABR,30-39,8,24,32,0,0,0,32,0,Abruzzo
2021-01-04,PF/BT,P.O. G.MAZZINI TERAMO,ABR,40-49,9,19,28,0,0,0,28,0,Abruzzo
2021-01-04,PF/BT,P.O. G.MAZZINI TERAMO,ABR,50-59,9,17,26,0,0,0,26,0,Abruzzo
2021-01-04,PF/BT,P.O. G.MAZZINI TERAMO,ABR,60-69,9,5,14,0,0,0,14,0,Abruzzo
2021-01-04,PF/BT,P.O. S.Spirito Pescara,ABR,20-29,5,30,35,0,0,0,35,0,Abruzzo
2021-01-04,PF/BT,P.O. S.Spirito Pescara,ABR,30-39,19,30,49,0,0,0,49,0,Abruzzo
2021-01-04,PF/BT,P.O. S.Spirito Pescara,ABR,40-49,38,40,78,0,0,0,78,0,Abruzzo
2021-01-04,PF/BT,P.O. S.Spirito Pescara,ABR,50-59,36,60,95,1,0,0,96,0,Abruzzo
2021-01-04,PF/BT,P.O. S.Spirito Pescara,ABR,60-69,36,21,57,0,0,0,57,0,Abruzzo
2021-01-04,PF/BT,P.O. S.Spirito Pescara,ABR,70-79,1,0,1,0,0,0,1,0,Abruzzo
2021-01-04,PF/BT,P.O. SAN FILIPPO E NICOLA AVEZZANO,ABR,20-29,1,2,3,0,0,0,3,0,Abruzzo
2021-01-04,PF/BT,P.O. SAN FILIPPO E NICOLA AVEZZANO,ABR,30-39,8,9,17,0,0,0,17,0,Abruzzo
2021-01-04,PF/BT,P.O. SAN FILIPPO E NICOLA AVEZZANO,ABR,40-49,9,20,29,0,0,0,29,0,Abruzzo
2021-01-04,PF/BT,P.O. SAN FILIPPO E NICOLA AVEZZANO,ABR,50-59,15,45,60,0,0,0,60,0,Abruzzo
2021-01-04,PF/BT,P.O. SAN FILIPPO E NICOLA AVEZZANO,ABR,60-69,24,17,41,0,0,0,41,0,Abruzzo
2021-01-04,PF/BT,P.O. SAN SALVATORE,ABR,20-29,7,5,12,0,0,0,12,0,Abruzzo
2021-01-04,PF/BT,P.O. SAN SALVATORE,ABR,30-39,13,23,36,0,0,0,36,0,Abruzzo
2021-01-04,PF/BT,P.O. SAN SALVATORE,ABR,40-49,16,25,41,0,0,0,41,0,Abruzzo
2021-01-04,PF/BT,P.O. SAN SALVATORE,ABR,50-59,9,23,32,0,0,0,32,0,Abruzzo
2021-01-04,PF/BT,P.O. SAN SALVATORE,ABR,60-69,18,10,28,0,0,0,28,0,Abruzzo
2021-01-04,PF/BT,P.O. SAN SALVATORE,ABR,80-89,1,0,1,0,0,0,1,0,Abruzzo
2021-01-04,PF/BT,P.O. VASTO S.Pio da Pietralcina,ABR,20-29,1,7,8,0,0,0,8,0,Abruzzo
2021-01-04,PF/BT,P.O. VASTO S.Pio da Pietralcina,ABR,30-39,9,13,22,0,0,0,22,0,Abruzzo
2021-01-04,PF/BT,P.O. VASTO S.Pio da Pietralcina,ABR,40-49,12,18,30,0,0,0,30,0,Abruzzo
2021-01-04,PF/BT,P.O. VASTO S.Pio da Pietralcina,ABR,50-59,14,36,50,0,0,0,50,0,Abruzzo
2021-01-04,PF/BT,P.O. VASTO S.Pio da Pietralcina,ABR,60-69,13,15,28,0,0,0,28,0,Abruzzo
2021-01-05,PF/BT,OSPEDALE SAN LIBERATORE DI ATRI,ABR,20-29,4,2,6,0,0,0,6,0,Abruzzo
2021-01-05,PF/BT,OSPEDALE SAN LIBERATORE DI ATRI,ABR,30-39,5,6,11,0,0,0,11,0,Abruzzo
2021-01-05,PF/BT,OSPEDALE SAN LIBERATORE DI ATRI,ABR,40-49,5,12,17,0,0,0,17,0,Abruzzo
2021-01-05,PF/BT,OSPEDALE SAN LIBERATORE DI ATRI,ABR,50-59,8,21,29,0,0,0,29,0,Abruzzo
2021-01-05,PF/BT,OSPEDALE SAN LIBERATORE DI ATRI,ABR,60-69,5,4,9,0,0,0,9,0,Abruzzo
2021-01-05,PF/BT,P.O. CLINICIZZ. 'SS. ANNUNZIATA' CHIETI,ABR,20-29,11,33,44,0,0,0,44,0,Abruzzo
2021-01-05,PF/BT,P.O. CLINICIZZ. 'SS. ANNUNZIATA' CHIETI,ABR,30-39,19,31,50,0,0,0,50,0,Abruzzo
2021-01-05,PF/BT,P.O. CLINICIZZ. 'SS. ANNUNZIATA' CHIETI,ABR,40-49,28,44,72,0,0,0,72,0,Abruzzo
2021-01-05,PF/BT,P.O. CLINICIZZ. 'SS. ANNUNZIATA' CHIETI,ABR,50-59,27,26,53,0,0,0,53,0,Abruzzo
2021-01-05,PF/BT,P.O. CLINICIZZ. 'SS. ANNUNZIATA' CHIETI,ABR,60-69,23,10,33,0,0,0,33,0,Abruzzo
2021-01-05,PF/BT,P.O. G. MAZZINI - TERAMO,ABR,20-29,2,8,10,0,0,0,10,0,Abruzzo
2021-01-05,PF/BT,P.O. G. MAZZINI - TERAMO,ABR,30-39,11,17,28,0,0,0,28,0,Abruzzo
2021-01-05,PF/BT,P.O. G. MAZZINI - TERAMO,ABR,40-49,9,20,29,0,0,0,29,0,Abruzzo
2021-01-05,PF/BT,P.O. G. MAZZINI - TERAMO,ABR,50-59,8,17,25,0,0,0,25,0,Abruzzo
2021-01-05,PF/BT,P.O. G. MAZZINI - TERAMO,ABR,60-69,6,4,10,0,0,0,10,0,Abruzzo
2021-01-05,PF/BT,P.O. LANCIANO Renzetti,ABR,20-29,1,6,7,0,0,0,7,0,Abruzzo
2021-01-05,PF/BT,P.O. LANCIANO Renzetti,ABR,30-39,1,6,7,0,0,0,7,0,Abruzzo
2021-01-05,PF/BT,P.O. LANCIANO Renzetti,ABR,40-49,3,12,15,0,0,0,15,0,Abruzzo
2021-01-05,PF/BT,P.O. LANCIANO Renzetti,ABR,50-59,6,9,15,0,0,0,15,0,Abruzzo
2021-01-05,PF/BT,P.O. LANCIANO Renzetti,ABR,60-69,8,8,16,0,0,0,16,0,Abruzzo
2021-01-05,PF/BT,P.O. S.Spirito Pescara,ABR,20-29,5,19,24,0,0,0,24,0,Abruzzo
2021-01-05,PF/BT,P.O. S.Spirito Pescara,ABR,30-39,23,48,71,0,0,0,71,0,Abruzzo
2021-01-05,PF/BT,P.O. S.Spirito Pescara,ABR,40-49,46,66,112,0,0,0,112,0,Abruzzo
2021-01-05,PF/BT,P.O. S.Spirito Pescara,ABR,50-59,46,74,118,2,0,0,120,0,Abruzzo
2021-01-05,PF/BT,P.O. S.Spirito Pescara,ABR,60-69,54,41,95,0,0,0,95,0,Abruzzo
2021-01-05,PF/BT,P.O. S.Spirito Pescara,ABR,70-79,9,1,10,0,0,0,10,0,Abruzzo
2021-01-05,PF/BT,P.O. SAN FILIPPO E NICOLA AVEZZANO,ABR,20-29,3,5,8,0,0,0,8,0,Abruzzo
2021-01-05,PF/BT,P.O. SAN FILIPPO E NICOLA AVEZZANO,ABR,30-39,14,23,35,2,0,0,37,0,Abruzzo
2021-01-05,PF/BT,P.O. SAN FILIPPO E NICOLA AVEZZANO,ABR,40-49,9,31,39,1,0,0,40,0,Abruzzo
2021-01-05,PF/BT,P.O. SAN FILIPPO E NICOLA AVEZZANO,ABR,50-59,9,48,57,0,0,0,57,0,Abruzzo
2021-01-05,PF/BT,P.O. SAN FILIPPO E NICOLA AVEZZANO,ABR,60-69,17,14,31,0,0,0,31,0,Abruzzo
2021-01-05,PF/BT,P.O. SAN FILIPPO E NICOLA AVEZZANO,ABR,70-79,1,0,1,0,0,0,1,0,Abruzzo
2021-01-05,PF/BT,P.O. SAN SALVATORE,ABR,20-29,1,18,19,0,0,0,19,0,Abruzzo
2021-01-05,PF/BT,P.O. SAN SALVATORE,ABR,30-39,19,32,50,1,0,0,51,0,Abruzzo
2021-01-05,PF/BT,P.O. SAN SALVATORE,ABR,40-49,20,26,44,2,0,0,46,0,Abruzzo
2021-01-05,PF/BT,P.O. SAN SALVATORE,ABR,50-59,14,40,54,0,0,0,54,0,Abruzzo
2021-01-05,PF/BT,P.O. SAN SALVATORE,ABR,60-69,15,18,32,1,0,0,33,0,Abruzzo
2021-01-05,PF/BT,P.O. SAN SALVATORE,ABR,70-79,1,0,1,0,0,0,1,0,Abruzzo
2021-01-05,PF/BT,P.O. VASTO S.Pio da Pietralcina,ABR,20-29,4,9,13,0,0,0,13,0,Abruzzo
2021-01-05,PF/BT,P.O. VASTO S.Pio da Pietralcina,ABR,30-39,8,25,33,0,0,0,33,0,Abruzzo
2021-01-05,PF/BT,P.O. VASTO S.Pio da Pietralcina,ABR,40-49,9,30,39,0,0,0,39,0,Abruzzo
2021-01-05,PF/BT,P.O. VASTO S.Pio da Pietralcina,ABR,50-59,16,49,65,0,0,0,65,0,Abruzzo
2021-01-05,PF/BT,P.O. VASTO S.Pio da Pietralcina,ABR,60-69,15,18,33,0,0,0,33,0,Abruzzo
2021-01-05,PF/BT,PRESIDIO OSPEDALIERO SULMONA,ABR,20-29,3,6,9,0,0,0,9,0,Abruzzo
2021-01-05,PF/BT,PRESIDIO OSPEDALIERO SULMONA,ABR,30-39,5,16,21,0,0,0,21,0,Abruzzo
2021-01-05,PF/BT,PRESIDIO OSPEDALIERO SULMONA,ABR,40-49,11,21,32,0,0,0,32,0,Abruzzo
2021-01-05,PF/BT,PRESIDIO OSPEDALIERO SULMONA,ABR,50-59,18,22,40,0,0,0,40,0,Abruzzo
2021-01-05,PF/BT,PRESIDIO OSPEDALIERO SULMONA,ABR,60-69,18,17,34,1,0,0,35,0,Abruzzo
2021-01-05,PF/BT,PRESIDIO OSPEDALIERO SULMONA,ABR,70-79,1,0,1,0,0,0,1,0,Abruzzo
2021-01-06,PF/BT,CASA ALBERGO IL SORRISO - SILVI,ABR,20-29,2,0,2,0,0,0,2,0,Abruzzo
2021-01-06,PF/BT,CASA ALBERGO IL SORRISO - SILVI,ABR,30-39,2,2,4,0,0,0,4,0,Abruzzo
2021-01-06,PF/BT,CASA ALBERGO IL SORRISO - SILVI,ABR,40-49,0,8,8,0,0,0,8,0,Abruzzo
2021-01-06,PF/BT,CASA ALBERGO IL SORRISO - SILVI,ABR,50-59,1,7,8,0,0,0,8,0,Abruzzo
2021-01-06,PF/BT,CASA ALBERGO IL SORRISO - SILVI,ABR,60-69,4,3,3,0,4,0,7,0,Abruzzo
2021-01-06,PF/BT,CASA ALBERGO IL SORRISO - SILVI,ABR,70-79,1,4,0,0,5,0,5,0,Abruzzo
2021-01-06,PF/BT,CASA ALBERGO IL SORRISO - SILVI,ABR,80-89,4,11,0,0,15,0,15,0,Abruzzo
2021-01-06,PF/BT,CASA ALBERGO IL SORRISO - SILVI,ABR,90+,3,2,0,0,5,0,5,0,Abruzzo
2021-01-06,PF/BT,CASA FAMIGLIA IL SORRISO SILVI,ABR,50-59,2,0,0,0,2,0,2,0,Abruzzo
2021-01-06,PF/BT,CASA FAMIGLIA IL SORRISO SILVI,ABR,60-69,0,4,0,0,4,0,4,0,Abruzzo
2021-01-06,PF/BT,CASA FAMIGLIA IL SORRISO SILVI,ABR,70-79,3,4,0,0,7,0,7,0,Abruzzo
2021-01-06,PF/BT,CASA FAMIGLIA IL SORRISO SILVI,ABR,80-89,2,2,0,0,4,0,4,0,Abruzzo
2021-01-06,PF/BT,CASA FAMIGLIA IL SORRISO SILVI,ABR,90+,1,0,0,0,1,0,1,0,Abruzzo
2021-01-06,PF/BT,CASA FAMIGLIA NAVE DEI SOGNI - SILVI,ABR,40-49,0,2,2,0,0,0,2,0,Abruzzo
2021-01-06,PF/BT,CASA FAMIGLIA NAVE DEI SOGNI - SILVI,ABR,50-59,0,3,3,0,0,0,3,0,Abruzzo
2021-01-06,PF/BT,CASA FAMIGLIA NAVE DEI SOGNI - SILVI,ABR,60-69,2,0,0,0,2,0,2,0,Abruzzo
2021-01-06,PF/BT,CASA FAMIGLIA NAVE DEI SOGNI - SILVI,ABR,70-79,2,5,0,0,7,0,7,0,Abruzzo
2021-01-06,PF/BT,CASA FAMIGLIA NAVE DEI SOGNI - SILVI,ABR,80-89,1,3,0,0,4,0,4,0,Abruzzo
2021-01-06,PF/BT,CASA FAMIGLIA S.TOMMASO - SILVI,ABR,30-39,2,0,2,0,0,0,2,0,Abruzzo
2021-01-06,PF/BT,CASA FAMIGLIA S.TOMMASO - SILVI,ABR,50-59,0,4,4,0,0,0,4,0,Abruzzo
2021-01-06,PF/BT,CASA FAMIGLIA S.TOMMASO - SILVI,ABR,60-69,4,1,1,0,4,0,5,0,Abruzzo
2021-01-06,PF/BT,CASA FAMIGLIA S.TOMMASO - SILVI,ABR,70-79,3,3,0,0,6,0,6,0,Abruzzo
2021-01-06,PF/BT,CASA FAMIGLIA S.TOMMASO - SILVI,ABR,80-89,5,3,0,0,8,0,8,0,Abruzzo
2021-01-06,PF/BT,CASA FAMIGLIA S.TOMMASO - SILVI,ABR,90+,0,5,0,0,5,0,5,0,Abruzzo
2021-01-06,PF/BT,CASA FAMIGLIA VILLA LU - SILVI,ABR,20-29,0,1,1,0,0,0,1,0,Abruzzo
2021-01-06,PF/BT,CASA FAMIGLIA VILLA LU - SILVI,ABR,30-39,0,3,3,0,0,0,3,0,Abruzzo
2021-01-06,PF/BT,CASA FAMIGLIA VILLA LU - SILVI,ABR,40-49,1,0,1,0,0,0,1,0,Abruzzo
2021-01-06,PF/BT,CASA FAMIGLIA VILLA LU - SILVI,ABR,80-89,0,1,0,0,1,0,1,0,Abruzzo
2021-01-06,PF/BT,OSPEDALE DELLA VAL VIBRATA - S. OMERO,ABR,20-29,5,25,29,1,0,0,30,0,Abruzzo
2021-01-06,PF/BT,OSPEDALE DELLA VAL VIBRATA - S. OMERO,ABR,30-39,10,24,34,0,0,0,34,0,Abruzzo
2021-01-06,PF/BT,OSPEDALE DELLA VAL VIBRATA - S. OMERO,ABR,40-49,19,33,52,0,0,0,52,0,Abruzzo
2021-01-06,PF/BT,OSPEDALE DELLA VAL VIBRATA - S. OMERO,ABR,50-59,8,37,45,0,0,0,45,0,Abruzzo
2021-01-06,PF/BT,OSPEDALE DELLA VAL VIBRATA - S. OMERO,ABR,60-69,9,8,17,0,0,0,17,0,Abruzzo
2021-01-06,PF/BT,OSPEDALE MARIA S.S. DELLO SPLENDORE GIULIANOVA,ABR,20-29,12,13,24,1,0,0,25,0,Abruzzo
2021-01-06,PF/BT,OSPEDALE MARIA S.S. DELLO SPLENDORE GIULIANOVA,ABR,30-39,16,20,33,2,0,1,36,0,Abruzzo
2021-01-06,PF/BT,OSPEDALE MARIA S.S. DELLO SPLENDORE GIULIANOVA,ABR,40-49,8,14,21,1,0,0,22,0,Abruzzo
2021-01-06,PF/BT,OSPEDALE MARIA S.S. DELLO SPLENDORE GIULIANOVA,ABR,50-59,9,18,25,0,0,2,27,0,Abruzzo
2021-01-06,PF/BT,OSPEDALE MARIA S.S. DELLO SPLENDORE GIULIANOVA,ABR,60-69,3,7,9,1,0,0,10,0,Abruzzo
2021-01-06,PF/BT,P.O. CLINICIZZ. 'SS. ANNUNZIATA' CHIETI,ABR,20-29,2,9,11,0,0,0,11,0,Abruzzo
2021-01-06,PF/BT,P.O. CLINICIZZ. 'SS. ANNUNZIATA' CHIETI,ABR,30-39,10,19,29,0,0,0,29,0,Abruzzo
2021-01-06,PF/BT,P.O. CLINICIZZ. 'SS. ANNUNZIATA' CHIETI,ABR,40-49,12,19,31,0,0,0,31,0,Abruzzo
2021-01-06,PF/BT,P.O. CLINICIZZ. 'SS. ANNUNZIATA' CHIETI,ABR,50-59,12,19,31,0,0,0,31,0,Abruzzo
2021-01-06,PF/BT,P.O. CLINICIZZ. 'SS. ANNUNZIATA' CHIETI,ABR,60-69,10,11,21,0,0,0,21,0,Abruzzo
2021-01-06,PF/BT,P.O. G.MAZZINI TERAMO,ABR,20-29,6,13,19,0,0,0,19,0,Abruzzo
2021-01-06,PF/BT,P.O. G.MAZZINI TERAMO,ABR,30-39,16,22,37,1,0,0,38,0,Abruzzo
2021-01-06,PF/BT,P.O. G.MAZZINI TERAMO,ABR,40-49,8,23,30,1,0,0,31,0,Abruzzo
2021-01-06,PF/BT,P.O. G.MAZZINI TERAMO,ABR,50-59,13,20,32,1,0,0,33,0,Abruzzo
2021-01-06,PF/BT,P.O. G.MAZZINI TERAMO,ABR,60-69,10,5,15,0,0,0,15,0,Abruzzo
2021-01-06,PF/BT,P.O. G.MAZZINI TERAMO,ABR,70-79,2,0,2,0,0,0,2,0,Abruzzo
2021-01-06,PF/BT,P.O. LANCIANO Renzetti,ABR,20-29,0,2,2,0,0,0,2,0,Abruzzo
2021-01-06,PF/BT,P.O. LANCIANO Renzetti,ABR,30-39,3,4,7,0,0,0,7,0,Abruzzo
2021-01-06,PF/BT,P.O. LANCIANO Renzetti,ABR,40-49,6,13,19,0,0,0,19,0,Abruzzo
2021-01-06,PF/BT,P.O. LANCIANO Renzetti,ABR,50-59,11,12,23,0,0,0,23,0,Abruzzo
2021-01-06,PF/BT,P.O. LANCIANO Renzetti,ABR,60-69,8,7,15,0,0,0,15,0,Abruzzo
2021-01-06,PF/BT,P.O. S.Spirito Pescara,ABR,20-29,7,21,28,0,0,0,28,0,Abruzzo
2021-01-06,PF/BT,P.O. S.Spirito Pescara,ABR,30-39,27,45,72,0,0,0,72,0,Abruzzo
2021-01-06,PF/BT,P.O. S.Spirito Pescara,ABR,40-49,30,62,92,0,0,0,92,0,Abruzzo
2021-01-06,PF/BT,P.O. S.Spirito Pescara,ABR,50-59,40,57,97,0,0,0,97,0,Abruzzo
2021-01-06,PF/BT,P.O. S.Spirito Pescara,ABR,60-69,33,29,62,0,0,0,62,0,Abruzzo
2021-01-06,PF/BT,P.O. S.Spirito Pescara,ABR,70-79,6,0,6,0,0,0,6,0,Abruzzo
2021-01-06,PF/BT,P.O. S.Spirito Pescara,ABR,80-89,1,0,1,0,0,0,1,0,Abruzzo
2021-01-06,PF/BT,P.O. SAN FILIPPO E NICOLA AVEZZANO,ABR,20-29,2,7,8,1,0,0,9,0,Abruzzo
2021-01-06,PF/BT,P.O. SAN FILIPPO E NICOLA AVEZZANO,ABR,30-39,6,8,13,1,0,0,14,0,Abruzzo
2021-01-06,PF/BT,P.O. SAN FILIPPO E NICOLA AVEZZANO,ABR,40-49,7,27,30,4,0,0,34,0,Abruzzo
2021-01-06,PF/BT,P.O. SAN FILIPPO E NICOLA AVEZZANO,ABR,50-59,9,17,25,1,0,0,26,0,Abruzzo
2021-01-06,PF/BT,P.O. SAN FILIPPO E NICOLA AVEZZANO,ABR,60-69,13,10,20,3,0,0,23,0,Abruzzo
2021-01-06,PF/BT,P.O. SAN FILIPPO E NICOLA AVEZZANO,ABR,70-79,7,1,8,0,0,0,8,0,Abruzzo
2021-01-06,PF/BT,P.O. SAN SALVATORE,ABR,20-29,9,6,13,2,0,0,15,0,Abruzzo
2021-01-06,PF/BT,P.O. SAN SALVATORE,ABR,30-39,25,29,50,4,0,0,54,0,Abruzzo
2021-01-06,PF/BT,P.O. SAN SALVATORE,ABR,40-49,9,15,23,1,0,0,24,0,Abruzzo
2021-01-06,PF/BT,P.O. SAN SALVATORE,ABR,50-59,9,27,33,3,0,0,36,0,Abruzzo
2021-01-06,PF/BT,P.O. SAN SALVATORE,ABR,60-69,12,10,22,0,0,0,22,0,Abruzzo
2021-01-06,PF/BT,P.O. SAN SALVATORE,ABR,70-79,3,1,4,0,0,0,4,0,Abruzzo
2021-01-06,PF/BT,P.O. VASTO S.Pio da Pietralcina,ABR,20-29,2,7,9,0,0,0,9,0,Abruzzo
2021-01-06,PF/BT,P.O. VASTO S.Pio da Pietralcina,ABR,30-39,7,11,18,0,0,0,18,0,Abruzzo
2021-01-06,PF/BT,P.O. VASTO S.Pio da Pietralcina,ABR,40-49,14,24,38,0,0,0,38,0,Abruzzo
2021-01-06,PF/BT,P.O. VASTO S.Pio da Pietralcina,ABR,50-59,15,40,55,0,0,0,55,0,Abruzzo
2021-01-06,PF/BT,P.O. VASTO S.Pio da Pietralcina,ABR,60-69,16,13,29,0,0,0,29,0,Abruzzo
2021-01-06,PF/BT,P.O. VASTO S.Pio da Pietralcina,ABR,70-79,1,0,1,0,0,0,1,0,Abruzzo
2021-01-06,PF/BT,RA OLIMPIA SERVIZI - SILVI,ABR,20-29,2,2,4,0,0,0,4,0,Abruzzo
2021-01-06,PF/BT,RA OLIMPIA SERVIZI - SILVI,ABR,30-39,3,4,7,0,0,0,7,0,Abruzzo
2021-01-06,PF/BT,RA OLIMPIA SERVIZI - SILVI,ABR,40-49,0,7,6,0,1,0,7,0,Abruzzo
2021-01-06,PF/BT,RA OLIMPIA SERVIZI - SILVI,ABR,50-59,3,6,9,0,0,0,9,0,Abruzzo
2021-01-06,PF/BT,RA OLIMPIA SERVIZI - SILVI,ABR,60-69,3,3,5,0,1,0,6,0,Abruzzo
2021-01-06,PF/BT,RA OLIMPIA SERVIZI - SILVI,ABR,70-79,1,0,0,0,1,0,1,0,Abruzzo
2021-01-06,PF/BT,RA OLIMPIA SERVIZI - SILVI,ABR,80-89,1,0,0,0,1,0,1,0,Abruzzo
2021-01-06,PF/BT,RA OLIMPIA SERVIZI - SILVI,ABR,90+,0,1,0,0,1,0,1,0,Abruzzo
2021-01-06,PF/BT,RA S.RITA ATRI,ABR,20-29,0,2,2,0,0,0,2,0,Abruzzo
2021-01-06,PF/BT,RA S.RITA ATRI,ABR,30-39,0,1,1,0,0,0,1,0,Abruzzo
2021-01-06,PF/BT,RA S.RITA ATRI,ABR,40-49,0,2,2,0,0,0,2,0,Abruzzo
2021-01-06,PF/BT,RA S.RITA ATRI,ABR,50-59,2,10,11,0,1,0,12,0,Abruzzo
2021-01-06,PF/BT,RA S.RITA ATRI,ABR,60-69,5,3,3,0,5,0,8,0,Abruzzo
2021-01-06,PF/BT,RA S.RITA ATRI,ABR,70-79,8,6,1,0,13,0,14,0,Abruzzo
2021-01-06,PF/BT,RA S.RITA ATRI,ABR,80-89,1,10,0,0,11,0,11,0,Abruzzo
2021-01-06,PF/BT,RA S.RITA ATRI,ABR,90+,2,8,0,0,10,0,10,0,Abruzzo
2021-01-06,PF/BT,RSA CASTILENTI,ABR,20-29,0,1,1,0,0,0,1,0,Abruzzo
2021-01-06,PF/BT,RSA CASTILENTI,ABR,30-39,2,4,6,0,0,0,6,0,Abruzzo
2021-01-06,PF/BT,RSA CASTILENTI,ABR,40-49,1,3,4,0,0,0,4,0,Abruzzo
2021-01-06,PF/BT,RSA CASTILENTI,ABR,50-59,3,9,12,0,0,0,12,0,Abruzzo
2021-01-06,PF/BT,RSA CASTILENTI,ABR,60-69,1,2,3,0,0,0,3,0,Abruzzo
2021-01-06,PF/BT,RSA CASTILENTI,ABR,70-79,3,0,0,0,3,0,3,0,Abruzzo
2021-01-06,PF/BT,RSA CASTILENTI,ABR,80-89,1,0,0,0,1,0,1,0,Abruzzo
2021-01-07,PF/BT, PRESIDIO OSPEDALIERO SULMONA,ABR,20-29,5,6,11,0,0,0,11,0,Abruzzo
2021-01-07,PF/BT, PRESIDIO OSPEDALIERO SULMONA,ABR,30-39,2,16,18,0,0,0,18,0,Abruzzo
2021-01-07,PF/BT, PRESIDIO OSPEDALIERO SULMONA,ABR,40-49,13,27,40,0,0,0,40,0,Abruzzo
2021-01-07,PF/BT, PRESIDIO OSPEDALIERO SULMONA,ABR,50-59,15,33,46,2,0,0,48,0,Abruzzo
2021-01-07,PF/BT, PRESIDIO OSPEDALIERO SULMONA,ABR,60-69,16,16,31,1,0,0,32,0,Abruzzo
2021-01-07,PF/BT, PRESIDIO OSPEDALIERO SULMONA,ABR,70-79,1,0,1,0,0,0,1,0,Abruzzo
2021-01-07,PF/BT,P.O. CLINICIZZ. 'SS. ANNUNZIATA' CHIETI,ABR,20-29,5,19,24,0,0,0,24,0,Abruzzo
2021-01-07,PF/BT,P.O. CLINICIZZ. 'SS. ANNUNZIATA' CHIETI,ABR,30-39,20,30,50,0,0,0,50,0,Abruzzo
2021-01-07,PF/BT,P.O. CLINICIZZ. 'SS. ANNUNZIATA' CHIETI,ABR,40-49,31,53,84,0,0,0,84,0,Abruzzo
2021-01-07,PF/BT,P.O. CLINICIZZ. 'SS. ANNUNZIATA' CHIETI,ABR,50-59,21,37,58,0,0,0,58,0,Abruzzo
2021-01-07,PF/BT,P.O. CLINICIZZ. 'SS. ANNUNZIATA' CHIETI,ABR,60-69,18,14,32,0,0,0,32,0,Abruzzo
2021-01-07,PF/BT,P.O. G.MAZZINI TERAMO,ABR,20-29,7,20,27,0,0,0,27,0,Abruzzo
2021-01-07,PF/BT,P.O. G.MAZZINI TERAMO,ABR,30-39,25,37,62,0,0,0,62,0,Abruzzo
2021-01-07,PF/BT,P.O. G.MAZZINI TERAMO,ABR,40-49,25,62,87,0,0,0,87,0,Abruzzo
2021-01-07,PF/BT,P.O. G.MAZZINI TERAMO,ABR,50-59,21,53,74,0,0,0,74,0,Abruzzo
2021-01-07,PF/BT,P.O. G.MAZZINI TERAMO,ABR,60-69,14,12,26,0,0,0,26,0,Abruzzo
2021-01-07,PF/BT,P.O. LANCIANO Renzetti,ABR,20-29,3,10,13,0,0,0,13,0,Abruzzo
2021-01-07,PF/BT,P.O. LANCIANO Renzetti,ABR,30-39,4,9,13,0,0,0,13,0,Abruzzo
2021-01-07,PF/BT,P.O. LANCIANO Renzetti,ABR,40-49,8,16,24,0,0,0,24,0,Abruzzo
2021-01-07,PF/BT,P.O. LANCIANO Renzetti,ABR,50-59,10,19,29,0,0,0,29,0,Abruzzo
2021-01-07,PF/BT,P.O. LANCIANO Renzetti,ABR,60-69,12,9,21,0,0,0,21,0,Abruzzo
2021-01-07,PF/BT,P.O. S.Spirito Pescara,ABR,20-29,9,21,30,0,0,0,30,0,Abruzzo
2021-01-07,PF/BT,P.O. S.Spirito Pescara,ABR,30-39,18,52,70,0,0,0,70,0,Abruzzo
2021-01-07,PF/BT,P.O. S.Spirito Pescara,ABR,40-49,27,73,100,0,0,0,100,0,Abruzzo
2021-01-07,PF/BT,P.O. S.Spirito Pescara,ABR,50-59,35,84,119,0,0,0,119,0,Abruzzo
2021-01-07,PF/BT,P.O. S.Spirito Pescara,ABR,60-69,37,40,77,0,0,0,77,0,Abruzzo
2021-01-07,PF/BT,P.O. S.Spirito Pescara,ABR,70-79,8,1,9,0,0,0,9,0,Abruzzo
2021-01-07,PF/BT,P.O. SAN FILIPPO E NICOLA AVEZZANO,ABR,20-29,3,13,16,0,0,0,16,0,Abruzzo
2021-01-07,PF/BT,P.O. SAN FILIPPO E NICOLA AVEZZANO,ABR,30-39,8,27,35,0,0,0,35,0,Abruzzo
2021-01-07,PF/BT,P.O. SAN FILIPPO E NICOLA AVEZZANO,ABR,40-49,9,40,47,2,0,0,49,0,Abruzzo
2021-01-07,PF/BT,P.O. SAN FILIPPO E NICOLA AVEZZANO,ABR,50-59,25,53,75,3,0,0,78,0,Abruzzo
2021-01-07,PF/BT,P.O. SAN FILIPPO E NICOLA AVEZZANO,ABR,60-69,11,15,23,3,0,0,26,0,Abruzzo
2021-01-07,PF/BT,P.O. SAN SALVATORE,ABR,20-29,10,19,28,1,0,0,29,0,Abruzzo
2021-01-07,PF/BT,P.O. SAN SALVATORE,ABR,30-39,17,31,46,2,0,0,48,0,Abruzzo
2021-01-07,PF/BT,P.O. SAN SALVATORE,ABR,40-49,9,38,39,8,0,0,47,0,Abruzzo
2021-01-07,PF/BT,P.O. SAN SALVATORE,ABR,50-59,11,48,51,8,0,0,59,0,Abruzzo
2021-01-07,PF/BT,P.O. SAN SALVATORE,ABR,60-69,15,6,19,2,0,0,21,0,Abruzzo
2021-01-07,PF/BT,P.O. VASTO S.Pio da Pietralcina,ABR,20-29,9,21,30,0,0,0,30,0,Abruzzo
2021-01-07,PF/BT,P.O. VASTO S.Pio da Pietralcina,ABR,30-39,2,2,4,0,0,0,4,0,Abruzzo
2021-01-07,PF/BT,P.O. VASTO S.Pio da Pietralcina,ABR,40-49,6,19,25,0,0,0,25,0,Abruzzo
2021-01-07,PF/BT,P.O. VASTO S.Pio da Pietralcina,ABR,50-59,13,34,44,3,0,0,47,0,Abruzzo
2021-01-07,PF/BT,P.O. VASTO S.Pio da Pietralcina,ABR,60-69,14,9,21,2,0,0,23,0,Abruzzo
2021-01-08,PF/BT,CENTRO VACCINAZIONI PRESIDIO OSPEDALIERO SULMONA,ABR,20-29,2,10,12,0,0,0,12,0,Abruzzo
2021-01-08,PF/BT,CENTRO VACCINAZIONI PRESIDIO OSPEDALIERO SULMONA,ABR,30-39,6,12,18,0,0,0,18,0,Abruzzo
2021-01-08,PF/BT,CENTRO VACCINAZIONI PRESIDIO OSPEDALIERO SULMONA,ABR,40-49,16,45,61,0,0,0,61,0,Abruzzo
2021-01-08,PF/BT,CENTRO VACCINAZIONI PRESIDIO OSPEDALIERO SULMONA,ABR,50-59,13,62,68,7,0,0,75,0,Abruzzo
2021-01-08,PF/BT,CENTRO VACCINAZIONI PRESIDIO OSPEDALIERO SULMONA,ABR,60-69,26,37,62,1,0,0,63,0,Abruzzo
2021-01-08,PF/BT,CENTRO VACCINAZIONI PRESIDIO OSPEDALIERO SULMONA,ABR,70-79,9,1,6,2,0,2,10,0,Abruzzo
2021-01-08,PF/BT,P.O. CLINICIZZ. 'SS. ANNUNZIATA' CHIETI,ABR,20-29,14,22,36,0,0,0,36,0,Abruzzo
2021-01-08,PF/BT,P.O. CLINICIZZ. 'SS. ANNUNZIATA' CHIETI,ABR,30-39,17,33,50,0,0,0,50,0,Abruzzo
2021-01-08,PF/BT,P.O. CLINICIZZ. 'SS. ANNUNZIATA' CHIETI,ABR,40-49,19,34,53,0,0,0,53,0,Abruzzo
2021-01-08,PF/BT,P.O. CLINICIZZ. 'SS. ANNUNZIATA' CHIETI,ABR,50-59,20,47,66,1,0,0,67,0,Abruzzo
2021-01-08,PF/BT,P.O. CLINICIZZ. 'SS. ANNUNZIATA' CHIETI,ABR,60-69,10,11,21,0,0,0,21,0,Abruzzo
2021-01-08,PF/BT,P.O. G. MAZZINI - TERAMO,ABR,20-29,1,5,6,0,0,0,6,0,Abruzzo
2021-01-08,PF/BT,P.O. G. MAZZINI - TERAMO,ABR,30-39,6,16,22,0,0,0,22,0,Abruzzo
2021-01-08,PF/BT,P.O. G. MAZZINI - TERAMO,ABR,40-49,13,21,34,0,0,0,34,0,Abruzzo
2021-01-08,PF/BT,P.O. G. MAZZINI - TERAMO,ABR,50-59,5,22,27,0,0,0,27,0,Abruzzo
2021-01-08,PF/BT,P.O. G. MAZZINI - TERAMO,ABR,60-69,3,8,11,0,0,0,11,0,Abruzzo
2021-01-08,PF/BT,P.O. G. MAZZINI - TERAMO,ABR,70-79,1,0,1,0,0,0,1,0,Abruzzo
2021-01-08,PF/BT,P.O. LANCIANO Renzetti,ABR,20-29,3,9,12,0,0,0,12,0,Abruzzo
2021-01-08,PF/BT,P.O. LANCIANO Renzetti,ABR,30-39,4,13,17,0,0,0,17,0,Abruzzo
2021-01-08,PF/BT,P.O. LANCIANO Renzetti,ABR,40-49,5,23,28,0,0,0,28,0,Abruzzo
2021-01-08,PF/BT,P.O. LANCIANO Renzetti,ABR,50-59,7,20,27,0,0,0,27,0,Abruzzo
2021-01-08,PF/BT,P.O. LANCIANO Renzetti,ABR,60-69,7,11,18,0,0,0,18,0,Abruzzo
2021-01-08,PF/BT,P.O. S.Spirito Pescara,ABR,20-29,8,17,25,0,0,0,25,0,Abruzzo
2021-01-08,PF/BT,P.O. S.Spirito Pescara,ABR,30-39,27,36,63,0,0,0,63,0,Abruzzo
2021-01-08,PF/BT,P.O. S.Spirito Pescara,ABR,40-49,39,60,99,0,0,0,99,0,Abruzzo
2021-01-08,PF/BT,P.O. S.Spirito Pescara,ABR,50-59,47,69,116,0,0,0,116,0,Abruzzo
2021-01-08,PF/BT,P.O. S.Spirito Pescara,ABR,60-69,37,43,80,0,0,0,80,0,Abruzzo
2021-01-08,PF/BT,P.O. S.Spirito Pescara,ABR,70-79,3,1,4,0,0,0,4,0,Abruzzo
2021-01-08,PF/BT,P.O. SAN FILIPPO E NICOLA AVEZZANO,ABR,20-29,6,3,9,0,0,0,9,0,Abruzzo
2021-01-08,PF/BT,P.O. SAN FILIPPO E NICOLA AVEZZANO,ABR,30-39,10,19,28,1,0,0,29,0,Abruzzo
2021-01-08,PF/BT,P.O. SAN FILIPPO E NICOLA AVEZZANO,ABR,40-49,11,33,42,2,0,0,44,0,Abruzzo
2021-01-08,PF/BT,P.O. SAN FILIPPO E NICOLA AVEZZANO,ABR,50-59,18,56,69,5,0,0,74,0,Abruzzo
2021-01-08,PF/BT,P.O. SAN FILIPPO E NICOLA AVEZZANO,ABR,60-69,19,32,47,4,0,0,51,0,Abruzzo
2021-01-08,PF/BT,P.O. SAN FILIPPO E NICOLA AVEZZANO,ABR,70-79,1,1,2,0,0,0,2,0,Abruzzo
2021-01-08,PF/BT,P.O. SAN FILIPPO E NICOLA AVEZZANO,ABR,80-89,0,1,1,0,0,0,1,0,Abruzzo
2021-01-08,PF/BT,P.O. SAN SALVATORE,ABR,20-29,7,21,28,0,0,0,28,0,Abruzzo
2021-01-08,PF/BT,P.O. SAN SALVATORE,ABR,30-39,14,38,47,5,0,0,52,0,Abruzzo
2021-01-08,PF/BT,P.O. SAN SALVATORE,ABR,40-49,10,28,32,6,0,0,38,0,Abruzzo
2021-01-08,PF/BT,P.O. SAN SALVATORE,ABR,50-59,14,40,50,4,0,0,54,0,Abruzzo
2021-01-08,PF/BT,P.O. SAN SALVATORE,ABR,60-69,14,17,30,1,0,0,31,0,Abruzzo
2021-01-08,PF/BT,P.O. SAN SALVATORE,ABR,80-89,1,0,1,0,0,0,1,0,Abruzzo
2021-01-08,PF/BT,P.O. VASTO S.Pio da Pietralcina,ABR,20-29,3,9,12,0,0,0,12,0,Abruzzo
2021-01-08,PF/BT,P.O. VASTO S.Pio da Pietralcina,ABR,30-39,13,19,32,0,0,0,32,0,Abruzzo
2021-01-08,PF/BT,P.O. VASTO S.Pio da Pietralcina,ABR,40-49,6,27,33,0,0,0,33,0,Abruzzo
2021-01-08,PF/BT,P.O. VASTO S.Pio da Pietralcina,ABR,50-59,15,43,57,1,0,0,58,0,Abruzzo
2021-01-08,PF/BT,P.O. VASTO S.Pio da Pietralcina,ABR,60-69,9,24,33,0,0,0,33,0,Abruzzo
2021-01-09,PF/BT,CENTRO VACCINAZIONI PRESIDIO OSPEDALIERO SULMONA,ABR,20-29,1,2,2,1,0,0,3,0,Abruzzo
2021-01-09,PF/BT,CENTRO VACCINAZIONI PRESIDIO OSPEDALIERO SULMONA,ABR,30-39,5,8,12,1,0,0,13,0,Abruzzo
2021-01-09,PF/BT,CENTRO VACCINAZIONI PRESIDIO OSPEDALIERO SULMONA,ABR,40-49,3,11,12,2,0,0,14,0,Abruzzo
2021-01-09,PF/BT,CENTRO VACCINAZIONI PRESIDIO OSPEDALIERO SULMONA,ABR,50-59,12,23,32,3,0,0,35,0,Abruzzo
2021-01-09,PF/BT,CENTRO VACCINAZIONI PRESIDIO OSPEDALIERO SULMONA,ABR,60-69,27,9,35,1,0,0,36,0,Abruzzo
2021-01-09,PF/BT,CENTRO VACCINAZIONI PRESIDIO OSPEDALIERO SULMONA,ABR,70-79,1,0,1,0,0,0,1,0,Abruzzo
2021-01-09,PF/BT,OSPEDALE DELLA VAL VIBRATA,ABR,20-29,0,1,1,0,0,0,1,0,Abruzzo
2021-01-09,PF/BT,OSPEDALE DELLA VAL VIBRATA,ABR,30-39,2,6,8,0,0,0,8,0,Abruzzo
2021-01-09,PF/BT,OSPEDALE DELLA VAL VIBRATA,ABR,40-49,2,5,7,0,0,0,7,0,Abruzzo
2021-01-09,PF/BT,OSPEDALE DELLA VAL VIBRATA,ABR,50-59,2,2,4,0,0,0,4,0,Abruzzo
2021-01-09,PF/BT,OSPEDALE DELLA VAL VIBRATA,ABR,60-69,3,1,4,0,0,0,4,0,Abruzzo
2021-01-09,PF/BT,P.O. CLINICIZZ. 'SS. ANNUNZIATA' CHIETI,ABR,20-29,8,10,18,0,0,0,18,0,Abruzzo
2021-01-09,PF/BT,P.O. CLINICIZZ. 'SS. ANNUNZIATA' CHIETI,ABR,30-39,7,22,29,0,0,0,29,0,Abruzzo
2021-01-09,PF/BT,P.O. CLINICIZZ. 'SS. ANNUNZIATA' CHIETI,ABR,40-49,13,27,40,0,0,0,40,0,Abruzzo
2021-01-09,PF/BT,P.O. CLINICIZZ. 'SS. ANNUNZIATA' CHIETI,ABR,50-59,15,31,46,0,0,0,46,0,Abruzzo
2021-01-09,PF/BT,P.O. CLINICIZZ. 'SS. ANNUNZIATA' CHIETI,ABR,60-69,50,44,93,1,0,0,94,0,Abruzzo
2021-01-09,PF/BT,P.O. CLINICIZZ. 'SS. ANNUNZIATA' CHIETI,ABR,70-79,1,0,1,0,0,0,1,0,Abruzzo
2021-01-09,PF/BT,P.O. G. MAZZINI - TERAMO,ABR,20-29,1,6,7,0,0,0,7,0,Abruzzo
2021-01-09,PF/BT,P.O. G. MAZZINI - TERAMO,ABR,30-39,9,8,17,0,0,0,17,0,Abruzzo
2021-01-09,PF/BT,P.O. G. MAZZINI - TERAMO,ABR,40-49,2,15,17,0,0,0,17,0,Abruzzo
2021-01-09,PF/BT,P.O. G. MAZZINI - TERAMO,ABR,50-59,4,8,12,0,0,0,12,0,Abruzzo
2021-01-09,PF/BT,P.O. G. MAZZINI - TERAMO,ABR,60-69,4,3,7,0,0,0,7,0,Abruzzo
2021-01-09,PF/BT,P.O. LANCIANO Renzetti,ABR,20-29,1,10,11,0,0,0,11,0,Abruzzo
2021-01-09,PF/BT,P.O. LANCIANO Renzetti,ABR,30-39,2,7,9,0,0,0,9,0,Abruzzo
2021-01-09,PF/BT,P.O. LANCIANO Renzetti,ABR,40-49,4,20,24,0,0,0,24,0,Abruzzo
2021-01-09,PF/BT,P.O. LANCIANO Renzetti,ABR,50-59,12,30,42,0,0,0,42,0,Abruzzo
2021-01-09,PF/BT,P.O. LANCIANO Renzetti,ABR,60-69,6,8,14,0,0,0,14,0,Abruzzo
2021-01-09,PF/BT,P.O. MARIA S.S. DELLO SPLENDORE - GIULIANOVA,ABR,30-39,1,3,4,0,0,0,4,0,Abruzzo
2021-01-09,PF/BT,P.O. MARIA S.S. DELLO SPLENDORE - GIULIANOVA,ABR,40-49,1,4,4,1,0,0,5,0,Abruzzo
2021-01-09,PF/BT,P.O. MARIA S.S. DELLO SPLENDORE - GIULIANOVA,ABR,50-59,0,4,4,0,0,0,4,0,Abruzzo
2021-01-09,PF/BT,P.O. MARIA S.S. DELLO SPLENDORE - GIULIANOVA,ABR,60-69,2,3,5,0,0,0,5,0,Abruzzo
2021-01-09,PF/BT,P.O. S.Spirito Pescara,ABR,20-29,7,17,24,0,0,0,24,0,Abruzzo
2021-01-09,PF/BT,P.O. S.Spirito Pescara,ABR,30-39,32,44,76,0,0,0,76,0,Abruzzo
2021-01-09,PF/BT,P.O. S.Spirito Pescara,ABR,40-49,23,63,86,0,0,0,86,0,Abruzzo
2021-01-09,PF/BT,P.O. S.Spirito Pescara,ABR,50-59,30,68,98,0,0,0,98,0,Abruzzo
2021-01-09,PF/BT,P.O. S.Spirito Pescara,ABR,60-69,47,31,78,0,0,0,78,0,Abruzzo
2021-01-09,PF/BT,P.O. S.Spirito Pescara,ABR,70-79,1,0,1,0,0,0,1,0,Abruzzo
2021-01-09,PF/BT,P.O. SAN FILIPPO E NICOLA AVEZZANO,ABR,20-29,4,7,8,3,0,0,11,0,Abruzzo
2021-01-09,PF/BT,P.O. SAN FILIPPO E NICOLA AVEZZANO,ABR,30-39,9,20,28,1,0,0,29,0,Abruzzo
2021-01-09,PF/BT,P.O. SAN FILIPPO E NICOLA AVEZZANO,ABR,40-49,10,35,31,14,0,0,45,0,Abruzzo
2021-01-09,PF/BT,P.O. SAN FILIPPO E NICOLA AVEZZANO,ABR,50-59,14,35,37,12,0,0,49,0,Abruzzo
2021-01-09,PF/BT,P.O. SAN FILIPPO E NICOLA AVEZZANO,ABR,60-69,32,34,64,2,0,0,66,0,Abruzzo
2021-01-09,PF/BT,P.O. SAN FILIPPO E NICOLA AVEZZANO,ABR,70-79,4,0,4,0,0,0,4,0,Abruzzo
2021-01-09,PF/BT,P.O. SAN SALVATORE,ABR,20-29,5,15,20,0,0,0,20,0,Abruzzo
2021-01-09,PF/BT,P.O. SAN SALVATORE,ABR,30-39,10,26,35,1,0,0,36,0,Abruzzo
2021-01-09,PF/BT,P.O. SAN SALVATORE,ABR,40-49,6,30,33,3,0,0,36,0,Abruzzo
2021-01-09,PF/BT,P.O. SAN SALVATORE,ABR,50-59,13,36,47,2,0,0,49,0,Abruzzo
2021-01-09,PF/BT,P.O. SAN SALVATORE,ABR,60-69,32,32,61,3,0,0,64,0,Abruzzo
2021-01-09,PF/BT,P.O. SAN SALVATORE,ABR,70-79,5,0,5,0,0,0,5,0,Abruzzo
2021-01-09,PF/BT,P.O. VASTO S.Pio da Pietralcina,ABR,20-29,6,14,20,0,0,0,20,0,Abruzzo
2021-01-09,PF/BT,P.O. VASTO S.Pio da Pietralcina,ABR,30-39,9,12,20,0,0,1,21,0,Abruzzo
2021-01-09,PF/BT,P.O. VASTO S.Pio da Pietralcina,ABR,40-49,4,17,21,0,0,0,21,0,Abruzzo
2021-01-09,PF/BT,P.O. VASTO S.Pio da Pietralcina,ABR,50-59,20,34,51,1,0,2,54,0,Abruzzo
2021-01-09,PF/BT,P.O. VASTO S.Pio da Pietralcina,ABR,60-69,41,17,58,0,0,0,58,0,Abruzzo
2021-01-10,PF/BT,P.O. CLINICIZZ. 'SS. ANNUNZIATA' CHIETI,ABR,20-29,2,13,15,0,0,0,15,0,Abruzzo
2021-01-10,PF/BT,P.O. CLINICIZZ. 'SS. ANNUNZIATA' CHIETI,ABR,30-39,7,30,37,0,0,0,37,0,Abruzzo
2021-01-10,PF/BT,P.O. CLINICIZZ. 'SS. ANNUNZIATA' CHIETI,ABR,40-49,11,46,57,0,0,0,57,0,Abruzzo
2021-01-10,PF/BT,P.O. CLINICIZZ. 'SS. ANNUNZIATA' CHIETI,ABR,50-59,23,53,76,0,0,0,76,0,Abruzzo
2021-01-10,PF/BT,P.O. CLINICIZZ. 'SS. ANNUNZIATA' CHIETI,ABR,60-69,23,20,43,0,0,0,43,0,Abruzzo
2021-01-10,PF/BT,P.O. LANCIANO Renzetti,ABR,20-29,4,12,16,0,0,0,16,0,Abruzzo
2021-01-10,PF/BT,P.O. LANCIANO Renzetti,ABR,30-39,2,7,9,0,0,0,9,0,Abruzzo
2021-01-10,PF/BT,P.O. LANCIANO Renzetti,ABR,40-49,5,24,28,1,0,0,29,0,Abruzzo
2021-01-10,PF/BT,P.O. LANCIANO Renzetti,ABR,50-59,6,27,32,1,0,0,33,0,Abruzzo
2021-01-10,PF/BT,P.O. LANCIANO Renzetti,ABR,60-69,20,13,30,3,0,0,33,0,Abruzzo
2021-01-10,PF/BT,P.O. S. MASSIMO di PENNE,ABR,30-39,1,2,3,0,0,0,3,0,Abruzzo
2021-01-10,PF/BT,P.O. S. MASSIMO di PENNE,ABR,40-49,1,2,3,0,0,0,3,0,Abruzzo
2021-01-10,PF/BT,P.O. S. MASSIMO di PENNE,ABR,50-59,4,6,9,1,0,0,10,0,Abruzzo
2021-01-10,PF/BT,P.O. S. MASSIMO di PENNE,ABR,60-69,3,1,4,0,0,0,4,0,Abruzzo
2021-01-10,PF/BT,P.O. S.Spirito Pescara,ABR,16-19,0,3,3,0,0,0,3,0,Abruzzo
2021-01-10,PF/BT,P.O. S.Spirito Pescara,ABR,20-29,13,16,29,0,0,0,29,0,Abruzzo
2021-01-10,PF/BT,P.O. S.Spirito Pescara,ABR,30-39,26,34,60,0,0,0,60,0,Abruzzo
2021-01-10,PF/BT,P.O. S.Spirito Pescara,ABR,40-49,24,47,71,0,0,0,71,0,Abruzzo
2021-01-10,PF/BT,P.O. S.Spirito Pescara,ABR,50-59,37,66,103,0,0,0,103,0,Abruzzo
2021-01-10,PF/BT,P.O. S.Spirito Pescara,ABR,60-69,34,21,55,0,0,0,55,0,Abruzzo
2021-01-10,PF/BT,P.O. S.Spirito Pescara,ABR,70-79,1,0,1,0,0,0,1,0,Abruzzo
2021-01-10,PF/BT,P.O. S.Spirito Pescara,ABR,80-89,1,0,1,0,0,0,1,0,Abruzzo
2021-01-10,PF/BT,P.O. SAN FILIPPO E NICOLA AVEZZANO,ABR,20-29,6,7,11,2,0,0,13,0,Abruzzo
2021-01-10,PF/BT,P.O. SAN FILIPPO E NICOLA AVEZZANO,ABR,30-39,9,7,16,0,0,0,16,0,Abruzzo
2021-01-10,PF/BT,P.O. SAN FILIPPO E NICOLA AVEZZANO,ABR,40-49,8,12,15,5,0,0,20,0,Abruzzo
2021-01-10,PF/BT,P.O. SAN FILIPPO E NICOLA AVEZZANO,ABR,50-59,14,18,24,8,0,0,32,0,Abruzzo
2021-01-10,PF/BT,P.O. SAN FILIPPO E NICOLA AVEZZANO,ABR,60-69,14,12,24,2,0,0,26,0,Abruzzo
2021-01-10,PF/BT,P.O. SAN FILIPPO E NICOLA AVEZZANO,ABR,70-79,0,1,1,0,0,0,1,0,Abruzzo
2021-01-10,PF/BT,P.O. SAN SALVATORE,ABR,16-19,0,1,0,1,0,0,1,0,Abruzzo
2021-01-10,PF/BT,P.O. SAN SALVATORE,ABR,20-29,10,17,27,0,0,0,27,0,Abruzzo
2021-01-10,PF/BT,P.O. SAN SALVATORE,ABR,30-39,16,35,51,0,0,0,51,0,Abruzzo
2021-01-10,PF/BT,P.O. SAN SALVATORE,ABR,40-49,11,36,44,3,0,0,47,0,Abruzzo
2021-01-10,PF/BT,P.O. SAN SALVATORE,ABR,50-59,9,32,41,0,0,0,41,0,Abruzzo
2021-01-10,PF/BT,P.O. SAN SALVATORE,ABR,60-69,19,24,36,7,0,0,43,0,Abruzzo
2021-01-10,PF/BT,P.O. VASTO S.Pio da Pietralcina,ABR,20-29,1,5,6,0,0,0,6,0,Abruzzo
2021-01-10,PF/BT,P.O. VASTO S.Pio da Pietralcina,ABR,30-39,8,8,14,1,0,1,16,0,Abruzzo
2021-01-10,PF/BT,P.O. VASTO S.Pio da Pietralcina,ABR,40-49,6,13,16,2,0,1,19,0,Abruzzo
2021-01-10,PF/BT,P.O. VASTO S.Pio da Pietralcina,ABR,50-59,14,35,48,1,0,0,49,0,Abruzzo
2021-01-10,PF/BT,P.O. VASTO S.Pio da Pietralcina,ABR,60-69,9,14,23,0,0,0,23,0,Abruzzo
2021-01-10,PF/BT,P.O. VASTO S.Pio da Pietralcina,ABR,80-89,1,0,1,0,0,0,1,0,Abruzzo
2021-01-10,PF/BT,P.O.'S.S. TRINITA'' POPOLI,ABR,30-39,1,0,0,0,0,1,1,0,Abruzzo
2021-01-10,PF/BT,P.O.'S.S. TRINITA'' POPOLI,ABR,40-49,1,0,0,0,0,1,1,0,Abruzzo
2021-01-10,PF/BT,P.O.'S.S. TRINITA'' POPOLI,ABR,50-59,1,5,2,4,0,0,6,0,Abruzzo
2021-01-10,PF/BT,P.O.'S.S. TRINITA'' POPOLI,ABR,60-69,3,4,6,1,0,0,7,0,Abruzzo
2021-01-11,PF/BT,CASA DI RIPOSO CAMPANINI,ABR,20-29,1,0,1,0,0,0,1,0,Abruzzo
2021-01-11,PF/BT,CASA DI RIPOSO CAMPANINI,ABR,30-39,1,0,1,0,0,0,1,0,Abruzzo
2021-01-11,PF/BT,CASA DI RIPOSO CAMPANINI,ABR,40-49,0,1,0,0,1,0,1,0,Abruzzo
2021-01-11,PF/BT,CASA DI RIPOSO CAMPANINI,ABR,50-59,1,1,0,0,2,0,2,0,Abruzzo
2021-01-11,PF/BT,CASA DI RIPOSO CAMPANINI,ABR,60-69,0,3,0,0,3,0,3,0,Abruzzo
2021-01-11,PF/BT,CASA DI RIPOSO CAMPANINI,ABR,70-79,3,4,0,0,7,0,7,0,Abruzzo
2021-01-11,PF/BT,CASA DI RIPOSO CAMPANINI,ABR,80-89,1,2,0,0,3,0,3,0,Abruzzo
2021-01-11,PF/BT,CASA DI RIPOSO R.ROZZI - NERETO,ABR,20-29,0,2,2,0,0,0,2,0,Abruzzo
2021-01-11,PF/BT,CASA DI RIPOSO R.ROZZI - NERETO,ABR,30-39,2,0,2,0,0,0,2,0,Abruzzo
2021-01-11,PF/BT,CASA DI RIPOSO R.ROZZI - NERETO,ABR,40-49,1,1,2,0,0,0,2,0,Abruzzo
2021-01-11,PF/BT,CASA DI RIPOSO R.ROZZI - NERETO,ABR,50-59,0,7,7,0,0,0,7,0,Abruzzo
2021-01-11,PF/BT,CASA DI RIPOSO R.ROZZI - NERETO,ABR,60-69,0,1,0,0,1,0,1,0,Abruzzo
2021-01-11,PF/BT,CASA DI RIPOSO R.ROZZI - NERETO,ABR,70-79,1,1,0,0,2,0,2,0,Abruzzo
2021-01-11,PF/BT,CASA DI RIPOSO R.ROZZI - NERETO,ABR,80-89,0,7,0,0,7,0,7,0,Abruzzo
2021-01-11,PF/BT,CASA DI RIPOSO R.ROZZI - NERETO,ABR,90+,1,6,0,0,7,0,7,0,Abruzzo
2021-01-11,PF/BT,CENTRO VACCINAZIONI PRESIDIO OSPEDALIERO SULMONA,ABR,20-29,3,5,8,0,0,0,8,0,Abruzzo
2021-01-11,PF/BT,CENTRO VACCINAZIONI PRESIDIO OSPEDALIERO SULMONA,ABR,30-39,8,15,16,0,0,7,23,0,Abruzzo
2021-01-11,PF/BT,CENTRO VACCINAZIONI PRESIDIO OSPEDALIERO SULMONA,ABR,40-49,5,19,17,1,0,6,24,0,Abruzzo
2021-01-11,PF/BT,CENTRO VACCINAZIONI PRESIDIO OSPEDALIERO SULMONA,ABR,50-59,10,23,23,3,0,7,33,0,Abruzzo
2021-01-11,PF/BT,CENTRO VACCINAZIONI PRESIDIO OSPEDALIERO SULMONA,ABR,60-69,10,9,18,0,0,1,19,0,Abruzzo
2021-01-11,PF/BT,CENTRO VACCINAZIONI PRESIDIO OSPEDALIERO SULMONA,ABR,70-79,7,0,6,0,0,1,7,0,Abruzzo
2021-01-11,PF/BT,P.O. CLINICIZZ. 'SS. ANNUNZIATA' CHIETI,ABR,20-29,12,20,32,0,0,0,32,0,Abruzzo
2021-01-11,PF/BT,P.O. CLINICIZZ. 'SS. ANNUNZIATA' CHIETI,ABR,30-39,17,38,55,0,0,0,55,0,Abruzzo
2021-01-11,PF/BT,P.O. CLINICIZZ. 'SS. ANNUNZIATA' CHIETI,ABR,40-49,14,43,57,0,0,0,57,0,Abruzzo
2021-01-11,PF/BT,P.O. CLINICIZZ. 'SS. ANNUNZIATA' CHIETI,ABR,50-59,16,38,54,0,0,0,54,0,Abruzzo
2021-01-11,PF/BT,P.O. CLINICIZZ. 'SS. ANNUNZIATA' CHIETI,ABR,60-69,23,20,43,0,0,0,43,0,Abruzzo
2021-01-11,PF/BT,P.O. CLINICIZZ. 'SS. ANNUNZIATA' CHIETI,ABR,70-79,3,0,3,0,0,0,3,0,Abruzzo
2021-01-11,PF/BT,P.O. LANCIANO Renzetti,ABR,20-29,3,2,5,0,0,0,5,0,Abruzzo
2021-01-11,PF/BT,P.O. LANCIANO Renzetti,ABR,30-39,8,10,16,2,0,0,18,0,Abruzzo
2021-01-11,PF/BT,P.O. LANCIANO Renzetti,ABR,40-49,9,11,18,2,0,0,20,0,Abruzzo
2021-01-11,PF/BT,P.O. LANCIANO Renzetti,ABR,50-59,10,32,39,3,0,0,42,0,Abruzzo
2021-01-11,PF/BT,P.O. LANCIANO Renzetti,ABR,60-69,17,12,28,1,0,0,29,0,Abruzzo
2021-01-11,PF/BT,P.O. S. MASSIMO di PENNE,ABR,20-29,0,1,1,0,0,0,1,0,Abruzzo
2021-01-11,PF/BT,P.O. S. MASSIMO di PENNE,ABR,30-39,1,0,1,0,0,0,1,0,Abruzzo
2021-01-11,PF/BT,P.O. S. MASSIMO di PENNE,ABR,40-49,1,0,0,1,0,0,1,0,Abruzzo
2021-01-11,PF/BT,P.O. S. MASSIMO di PENNE,ABR,50-59,2,4,4,2,0,0,6,0,Abruzzo
2021-01-11,PF/BT,P.O. S. MASSIMO di PENNE,ABR,60-69,4,3,6,1,0,0,7,0,Abruzzo
2021-01-11,PF/BT,P.O. S. MASSIMO di PENNE,ABR,70-79,0,1,0,1,0,0,1,0,Abruzzo
2021-01-11,PF/BT,P.O. S.Spirito Pescara,ABR,16-19,1,1,2,0,0,0,2,0,Abruzzo
2021-01-11,PF/BT,P.O. S.Spirito Pescara,ABR,20-29,15,28,43,0,0,0,43,0,Abruzzo
2021-01-11,PF/BT,P.O. S.Spirito Pescara,ABR,30-39,37,55,92,0,0,0,92,0,Abruzzo
2021-01-11,PF/BT,P.O. S.Spirito Pescara,ABR,40-49,40,70,110,0,0,0,110,0,Abruzzo
2021-01-11,PF/BT,P.O. S.Spirito Pescara,ABR,50-59,40,85,125,0,0,0,125,0,Abruzzo
2021-01-11,PF/BT,P.O. S.Spirito Pescara,ABR,60-69,28,33,61,0,0,0,61,0,Abruzzo
2021-01-11,PF/BT,P.O. S.Spirito Pescara,ABR,70-79,7,0,7,0,0,0,7,0,Abruzzo
2021-01-11,PF/BT,P.O. S.Spirito Pescara,ABR,80-89,2,0,2,0,0,0,2,0,Abruzzo
2021-01-11,PF/BT,P.O. SAN FILIPPO E NICOLA AVEZZANO,ABR,16-19,1,0,1,0,0,0,1,0,Abruzzo
2021-01-11,PF/BT,P.O. SAN FILIPPO E NICOLA AVEZZANO,ABR,20-29,5,9,12,2,0,0,14,0,Abruzzo
2021-01-11,PF/BT,P.O. SAN FILIPPO E NICOLA AVEZZANO,ABR,30-39,10,11,16,4,0,1,21,0,Abruzzo
2021-01-11,PF/BT,P.O. SAN FILIPPO E NICOLA AVEZZANO,ABR,40-49,13,35,39,8,0,1,48,0,Abruzzo
2021-01-11,PF/BT,P.O. SAN FILIPPO E NICOLA AVEZZANO,ABR,50-59,12,60,53,15,0,4,72,0,Abruzzo
2021-01-11,PF/BT,P.O. SAN FILIPPO E NICOLA AVEZZANO,ABR,60-69,20,22,32,6,0,4,42,0,Abruzzo
2021-01-11,PF/BT,P.O. SAN FILIPPO E NICOLA AVEZZANO,ABR,70-79,6,0,6,0,0,0,6,0,Abruzzo
2021-01-11,PF/BT,P.O. SAN SALVATORE,ABR,20-29,5,11,16,0,0,0,16,0,Abruzzo
2021-01-11,PF/BT,P.O. SAN SALVATORE,ABR,30-39,24,30,50,4,0,0,54,0,Abruzzo
2021-01-11,PF/BT,P.O. SAN SALVATORE,ABR,40-49,12,30,41,1,0,0,42,0,Abruzzo
2021-01-11,PF/BT,P.O. SAN SALVATORE,ABR,50-59,13,54,57,6,0,4,67,0,Abruzzo
2021-01-11,PF/BT,P.O. SAN SALVATORE,ABR,60-69,19,20,36,3,0,0,39,0,Abruzzo
2021-01-11,PF/BT,P.O. SAN SALVATORE,ABR,70-79,3,0,3,0,0,0,3,0,Abruzzo
2021-01-11,PF/BT,P.O. SAN SALVATORE,ABR,80-89,1,0,0,1,0,0,1,0,Abruzzo
2021-01-11,PF/BT,P.O. VASTO S.Pio da Pietralcina,ABR,20-29,2,3,5,0,0,0,5,0,Abruzzo
2021-01-11,PF/BT,P.O. VASTO S.Pio da Pietralcina,ABR,30-39,5,11,14,2,0,0,16,0,Abruzzo
2021-01-11,PF/BT,P.O. VASTO S.Pio da Pietralcina,ABR,40-49,6,9,13,2,0,0,15,0,Abruzzo
2021-01-11,PF/BT,P.O. VASTO S.Pio da Pietralcina,ABR,50-59,10,22,20,10,0,2,32,0,Abruzzo
2021-01-11,PF/BT,P.O. VASTO S.Pio da Pietralcina,ABR,60-69,8,14,17,5,0,0,22,0,Abruzzo
2021-01-11,PF/BT,P.O.'S.S. TRINITA'' POPOLI,ABR,20-29,0,1,1,0,0,0,1,0,Abruzzo
2021-01-11,PF/BT,P.O.'S.S. TRINITA'' POPOLI,ABR,30-39,0,3,1,1,0,1,3,0,Abruzzo
2021-01-11,PF/BT,P.O.'S.S. TRINITA'' POPOLI,ABR,40-49,3,2,2,0,0,3,5,0,Abruzzo
2021-01-11,PF/BT,P.O.'S.S. TRINITA'' POPOLI,ABR,50-59,6,4,6,0,0,4,10,0,Abruzzo
2021-01-11,PF/BT,P.O.'S.S. TRINITA'' POPOLI,ABR,60-69,2,9,7,3,0,1,11,0,Abruzzo
2021-01-11,PF/BT,RSA CRISTAL - GIULIANOVA,ABR,20-29,2,1,3,0,0,0,3,0,Abruzzo
2021-01-11,PF/BT,RSA CRISTAL - GIULIANOVA,ABR,30-39,0,1,1,0,0,0,1,0,Abruzzo
2021-01-11,PF/BT,RSA CRISTAL - GIULIANOVA,ABR,40-49,2,4,6,0,0,0,6,0,Abruzzo
2021-01-11,PF/BT,RSA CRISTAL - GIULIANOVA,ABR,50-59,0,4,4,0,0,0,4,0,Abruzzo
2021-01-11,PF/BT,RSA CRISTAL - GIULIANOVA,ABR,60-69,0,2,1,0,1,0,2,0,Abruzzo
2021-01-11,PF/BT,RSA CRISTAL - GIULIANOVA,ABR,70-79,0,1,0,0,1,0,1,0,Abruzzo
2021-01-11,PF/BT,RSA CRISTAL - GIULIANOVA,ABR,80-89,1,9,0,0,10,0,10,0,Abruzzo
2021-01-11,PF/BT,RSA CRISTAL - GIULIANOVA,ABR,90+,1,2,0,0,3,0,3,0,Abruzzo
2021-01-12,PF/BT,CENTRO VACCINAZIONI PRESIDIO OSPEDALIERO SULMONA,ABR,20-29,5,2,3,1,0,3,7,0,Abruzzo
2021-01-12,PF/BT,CENTRO VACCINAZIONI PRESIDIO OSPEDALIERO SULMONA,ABR,30-39,4,7,7,0,0,4,11,0,Abruzzo
2021-01-12,PF/BT,CENTRO VACCINAZIONI PRESIDIO OSPEDALIERO SULMONA,ABR,40-49,7,19,22,3,0,1,26,0,Abruzzo
2021-01-12,PF/BT,CENTRO VACCINAZIONI PRESIDIO OSPEDALIERO SULMONA,ABR,50-59,4,23,20,3,0,4,27,0,Abruzzo
2021-01-12,PF/BT,CENTRO VACCINAZIONI PRESIDIO OSPEDALIERO SULMONA,ABR,60-69,8,11,15,1,0,3,19,0,Abruzzo
2021-01-12,PF/BT,P.O.  'G. BERNABEO' ORTONA,ABR,20-29,2,0,2,0,0,0,2,0,Abruzzo
2021-01-12,PF/BT,P.O.  'G. BERNABEO' ORTONA,ABR,30-39,2,2,4,0,0,0,4,0,Abruzzo
2021-01-12,PF/BT,P.O.  'G. BERNABEO' ORTONA,ABR,40-49,4,10,14,0,0,0,14,0,Abruzzo
2021-01-12,PF/BT,P.O.  'G. BERNABEO' ORTONA,ABR,50-59,7,21,27,1,0,0,28,0,Abruzzo
2021-01-12,PF/BT,P.O.  'G. BERNABEO' ORTONA,ABR,60-69,6,6,12,0,0,0,12,0,Abruzzo
2021-01-12,PF/BT,P.O. CLINICIZZ. 'SS. ANNUNZIATA' \,ABR,20-29,4,8,12,0,0,0,12,0,Abruzzo
2021-01-12,PF/BT,P.O. CLINICIZZ. 'SS. ANNUNZIATA' \,ABR,30-39,9,14,23,0,0,0,23,0,Abruzzo
2021-01-12,PF/BT,P.O. CLINICIZZ. 'SS. ANNUNZIATA' \,ABR,40-49,4,45,49,0,0,0,49,0,Abruzzo
2021-01-12,PF/BT,P.O. CLINICIZZ. 'SS. ANNUNZIATA' \,ABR,50-59,17,44,55,0,0,6,61,0,Abruzzo
2021-01-12,PF/BT,P.O. CLINICIZZ. 'SS. ANNUNZIATA' \,ABR,60-69,9,17,26,0,0,0,26,0,Abruzzo
2021-01-12,PF/BT,P.O. CLINICIZZ. 'SS. ANNUNZIATA' CHIETI,ABR,20-29,7,16,23,0,0,0,23,0,Abruzzo
2021-01-12,PF/BT,P.O. CLINICIZZ. 'SS. ANNUNZIATA' CHIETI,ABR,30-39,16,23,38,0,1,0,39,0,Abruzzo
2021-01-12,PF/BT,P.O. CLINICIZZ. 'SS. ANNUNZIATA' CHIETI,ABR,40-49,13,70,76,2,5,0,83,0,Abruzzo
2021-01-12,PF/BT,P.O. CLINICIZZ. 'SS. ANNUNZIATA' CHIETI,ABR,50-59,32,79,86,0,17,8,111,0,Abruzzo
2021-01-12,PF/BT,P.O. CLINICIZZ. 'SS. ANNUNZIATA' CHIETI,ABR,60-69,20,50,49,1,20,0,70,0,Abruzzo
2021-01-12,PF/BT,P.O. CLINICIZZ. 'SS. ANNUNZIATA' CHIETI,ABR,70-79,7,18,0,0,25,0,25,0,Abruzzo
2021-01-12,PF/BT,P.O. CLINICIZZ. 'SS. ANNUNZIATA' CHIETI,ABR,80-89,2,18,0,0,20,0,20,0,Abruzzo
2021-01-12,PF/BT,P.O. CLINICIZZ. 'SS. ANNUNZIATA' CHIETI,ABR,90+,0,7,0,0,7,0,7,0,Abruzzo
2021-01-12,PF/BT,P.O. G. MAZZINI - TERAMO,ABR,20-29,2,1,2,1,0,0,3,0,Abruzzo
2021-01-12,PF/BT,P.O. G. MAZZINI - TERAMO,ABR,30-39,6,11,10,7,0,0,17,0,Abruzzo
2021-01-12,PF/BT,P.O. G. MAZZINI - TERAMO,ABR,40-49,3,23,4,22,0,0,26,0,Abruzzo
2021-01-12,PF/BT,P.O. G. MAZZINI - TERAMO,ABR,50-59,10,26,7,29,0,0,36,0,Abruzzo
2021-01-12,PF/BT,P.O. G. MAZZINI - TERAMO,ABR,60-69,7,13,5,15,0,0,20,0,Abruzzo
2021-01-12,PF/BT,P.O. LANCIANO Renzetti,ABR,20-29,6,7,13,0,0,0,13,0,Abruzzo
2021-01-12,PF/BT,P.O. LANCIANO Renzetti,ABR,30-39,10,13,22,1,0,0,23,0,Abruzzo
2021-01-12,PF/BT,P.O. LANCIANO Renzetti,ABR,40-49,8,17,22,3,0,0,25,0,Abruzzo
2021-01-12,PF/BT,P.O. LANCIANO Renzetti,ABR,50-59,10,15,22,3,0,0,25,0,Abruzzo
2021-01-12,PF/BT,P.O. LANCIANO Renzetti,ABR,60-69,24,22,45,1,0,0,46,0,Abruzzo
2021-01-12,PF/BT,P.O. S. MASSIMO di PENNE,ABR,30-39,1,0,1,0,0,0,1,0,Abruzzo
2021-01-12,PF/BT,P.O. S. MASSIMO di PENNE,ABR,40-49,0,7,6,1,0,0,7,0,Abruzzo
2021-01-12,PF/BT,P.O. S. MASSIMO di PENNE,ABR,50-59,2,4,6,0,0,0,6,0,Abruzzo
2021-01-12,PF/BT,P.O. S. MASSIMO di PENNE,ABR,60-69,6,1,6,1,0,0,7,0,Abruzzo
2021-01-12,PF/BT,P.O. S. MASSIMO di PENNE,ABR,70-79,1,0,1,0,0,0,1,0,Abruzzo
2021-01-12,PF/BT,P.O. S.Spirito Pescara,ABR,20-29,16,27,43,0,0,0,43,0,Abruzzo
2021-01-12,PF/BT,P.O. S.Spirito Pescara,ABR,30-39,25,69,94,0,0,0,94,0,Abruzzo
2021-01-12,PF/BT,P.O. S.Spirito Pescara,ABR,40-49,35,86,121,0,0,0,121,0,Abruzzo
2021-01-12,PF/BT,P.O. S.Spirito Pescara,ABR,50-59,46,89,135,0,0,0,135,0,Abruzzo
2021-01-12,PF/BT,P.O. S.Spirito Pescara,ABR,60-69,39,43,82,0,0,0,82,0,Abruzzo
2021-01-12,PF/BT,P.O. S.Spirito Pescara,ABR,70-79,4,0,4,0,0,0,4,0,Abruzzo
2021-01-12,PF/BT,P.O. S.Spirito Pescara,ABR,80-89,2,0,2,0,0,0,2,0,Abruzzo
2021-01-12,PF/BT,P.O. SAN FILIPPO E NICOLA AVEZZANO,ABR,20-29,6,7,8,1,0,4,13,0,Abruzzo
2021-01-12,PF/BT,P.O. SAN FILIPPO E NICOLA AVEZZANO,ABR,30-39,14,18,23,5,0,4,32,0,Abruzzo
2021-01-12,PF/BT,P.O. SAN FILIPPO E NICOLA AVEZZANO,ABR,40-49,13,29,28,3,0,11,42,0,Abruzzo
2021-01-12,PF/BT,P.O. SAN FILIPPO E NICOLA AVEZZANO,ABR,50-59,19,23,25,7,0,10,42,0,Abruzzo
2021-01-12,PF/BT,P.O. SAN FILIPPO E NICOLA AVEZZANO,ABR,60-69,12,12,20,3,0,1,24,0,Abruzzo
2021-01-12,PF/BT,P.O. SAN FILIPPO E NICOLA AVEZZANO,ABR,70-79,8,1,5,0,0,4,9,0,Abruzzo
2021-01-12,PF/BT,P.O. SAN SALVATORE,ABR,20-29,12,13,19,1,0,5,25,0,Abruzzo
2021-01-12,PF/BT,P.O. SAN SALVATORE,ABR,30-39,7,31,25,8,0,5,38,0,Abruzzo
2021-01-12,PF/BT,P.O. SAN SALVATORE,ABR,40-49,7,36,30,5,0,8,43,0,Abruzzo
2021-01-12,PF/BT,P.O. SAN SALVATORE,ABR,50-59,16,34,33,9,0,8,50,0,Abruzzo
2021-01-12,PF/BT,P.O. SAN SALVATORE,ABR,60-69,22,23,38,6,0,1,45,0,Abruzzo
2021-01-12,PF/BT,P.O. SAN SALVATORE,ABR,70-79,8,1,7,1,0,1,9,0,Abruzzo
2021-01-12,PF/BT,P.O. VASTO S.Pio da Pietralcina,ABR,20-29,5,8,13,0,0,0,13,0,Abruzzo
2021-01-12,PF/BT,P.O. VASTO S.Pio da Pietralcina,ABR,30-39,6,19,25,0,0,0,25,0,Abruzzo
2021-01-12,PF/BT,P.O. VASTO S.Pio da Pietralcina,ABR,40-49,9,25,33,0,0,1,34,0,Abruzzo
2021-01-12,PF/BT,P.O. VASTO S.Pio da Pietralcina,ABR,50-59,19,42,58,1,0,2,61,0,Abruzzo
2021-01-12,PF/BT,P.O. VASTO S.Pio da Pietralcina,ABR,60-69,9,13,20,1,0,1,22,0,Abruzzo
2021-01-12,PF/BT,P.O. VASTO S.Pio da Pietralcina,ABR,70-79,0,1,1,0,0,0,1,0,Abruzzo
2021-01-12,PF/BT,P.O.'S.S. TRINITA'' POPOLI,ABR,30-39,0,1,1,0,0,0,1,0,Abruzzo
2021-01-12,PF/BT,P.O.'S.S. TRINITA'' POPOLI,ABR,40-49,0,3,2,0,0,1,3,0,Abruzzo
2021-01-12,PF/BT,P.O.'S.S. TRINITA'' POPOLI,ABR,50-59,7,3,8,1,0,1,10,0,Abruzzo
2021-01-12,PF/BT,P.O.'S.S. TRINITA'' POPOLI,ABR,60-69,2,2,4,0,0,0,4,0,Abruzzo
2021-01-13,PF/BT,CENTRO VACCINAZIONI PRESIDIO OSPEDALIERO SULMONA,ABR,20-29,4,6,6,4,0,0,10,0,Abruzzo
2021-01-13,PF/BT,CENTRO VACCINAZIONI PRESIDIO OSPEDALIERO SULMONA,ABR,30-39,8,23,20,10,0,1,31,0,Abruzzo
2021-01-13,PF/BT,CENTRO VACCINAZIONI PRESIDIO OSPEDALIERO SULMONA,ABR,40-49,21,24,25,15,0,5,45,0,Abruzzo
2021-01-13,PF/BT,CENTRO VACCINAZIONI PRESIDIO OSPEDALIERO SULMONA,ABR,50-59,10,35,26,10,0,9,45,0,Abruzzo
2021-01-13,PF/BT,CENTRO VACCINAZIONI PRESIDIO OSPEDALIERO SULMONA,ABR,60-69,9,6,7,3,0,5,15,0,Abruzzo
2021-01-13,PF/BT,CENTRO VACCINAZIONI PRESIDIO OSPEDALIERO SULMONA,ABR,70-79,2,1,3,0,0,0,3,0,Abruzzo
2021-01-13,PF/BT,CENTRO VACCINAZIONI PRESIDIO OSPEDALIERO SULMONA,ABR,80-89,1,0,1,0,0,0,1,0,Abruzzo
2021-01-13,PF/BT,OSPEDALE DELLA VAL VIBRATA,ABR,20-29,1,11,12,0,0,0,12,0,Abruzzo
2021-01-13,PF/BT,OSPEDALE DELLA VAL VIBRATA,ABR,30-39,8,12,20,0,0,0,20,0,Abruzzo
2021-01-13,PF/BT,OSPEDALE DELLA VAL VIBRATA,ABR,40-49,3,2,5,0,0,0,5,0,Abruzzo
2021-01-13,PF/BT,OSPEDALE DELLA VAL VIBRATA,ABR,50-59,4,6,10,0,0,0,10,0,Abruzzo
2021-01-13,PF/BT,OSPEDALE DELLA VAL VIBRATA,ABR,60-69,2,1,3,0,0,0,3,0,Abruzzo
2021-01-13,PF/BT,OSPEDALE SAN LIBERATORE - ATRI,ABR,16-19,1,0,1,0,0,0,1,0,Abruzzo
2021-01-13,PF/BT,OSPEDALE SAN LIBERATORE - ATRI,ABR,20-29,2,4,4,2,0,0,6,0,Abruzzo
2021-01-13,PF/BT,OSPEDALE SAN LIBERATORE - ATRI,ABR,30-39,5,12,10,7,0,0,17,0,Abruzzo
2021-01-13,PF/BT,OSPEDALE SAN LIBERATORE - ATRI,ABR,40-49,6,12,6,12,0,0,18,0,Abruzzo
2021-01-13,PF/BT,OSPEDALE SAN LIBERATORE - ATRI,ABR,50-59,7,29,15,21,0,0,36,0,Abruzzo
2021-01-13,PF/BT,OSPEDALE SAN LIBERATORE - ATRI,ABR,60-69,7,11,12,6,0,0,18,0,Abruzzo
2021-01-13,PF/BT,P.O. CLINICIZZ. 'SS. ANNUNZIATA' CHIETI,ABR,20-29,6,16,20,2,0,0,22,0,Abruzzo
2021-01-13,PF/BT,P.O. CLINICIZZ. 'SS. ANNUNZIATA' CHIETI,ABR,30-39,22,45,62,5,0,0,67,0,Abruzzo
2021-01-13,PF/BT,P.O. CLINICIZZ. 'SS. ANNUNZIATA' CHIETI,ABR,40-49,28,73,89,10,0,2,101,0,Abruzzo
2021-01-13,PF/BT,P.O. CLINICIZZ. 'SS. ANNUNZIATA' CHIETI,ABR,50-59,30,66,74,16,0,6,96,0,Abruzzo
2021-01-13,PF/BT,P.O. CLINICIZZ. 'SS. ANNUNZIATA' CHIETI,ABR,60-69,18,19,32,5,0,0,37,0,Abruzzo
2021-01-13,PF/BT,P.O. CLINICIZZ. 'SS. ANNUNZIATA' CHIETI,ABR,70-79,6,0,6,0,0,0,6,0,Abruzzo
2021-01-13,PF/BT,P.O. CLINICIZZ. 'SS. ANNUNZIATA' CHIETI,ABR,80-89,1,0,1,0,0,0,1,0,Abruzzo
2021-01-13,PF/BT,P.O. G. MAZZINI - TERAMO,ABR,20-29,3,13,16,0,0,0,16,0,Abruzzo
2021-01-13,PF/BT,P.O. G. MAZZINI - TERAMO,ABR,30-39,14,16,30,0,0,0,30,0,Abruzzo
2021-01-13,PF/BT,P.O. G. MAZZINI - TERAMO,ABR,40-49,6,19,25,0,0,0,25,0,Abruzzo
2021-01-13,PF/BT,P.O. G. MAZZINI - TERAMO,ABR,50-59,7,19,23,3,0,0,26,0,Abruzzo
2021-01-13,PF/BT,P.O. G. MAZZINI - TERAMO,ABR,60-69,16,7,23,0,0,0,23,0,Abruzzo
2021-01-13,PF/BT,P.O. LANCIANO Renzetti,ABR,20-29,5,12,17,0,0,0,17,0,Abruzzo
2021-01-13,PF/BT,P.O. LANCIANO Renzetti,ABR,30-39,5,9,13,1,0,0,14,0,Abruzzo
2021-01-13,PF/BT,P.O. LANCIANO Renzetti,ABR,40-49,15,24,38,1,0,0,39,0,Abruzzo
2021-01-13,PF/BT,P.O. LANCIANO Renzetti,ABR,50-59,9,29,37,0,0,1,38,0,Abruzzo
2021-01-13,PF/BT,P.O. LANCIANO Renzetti,ABR,60-69,20,19,39,0,0,0,39,0,Abruzzo
2021-01-13,PF/BT,P.O. LANCIANO Renzetti,ABR,70-79,2,0,1,0,1,0,2,0,Abruzzo
2021-01-13,PF/BT,P.O. LANCIANO Renzetti,ABR,80-89,0,3,0,0,3,0,3,0,Abruzzo
2021-01-13,PF/BT,P.O. LANCIANO Renzetti,ABR,90+,0,4,0,0,4,0,4,0,Abruzzo
2021-01-13,PF/BT,P.O. S.Spirito Pescara,ABR,20-29,17,17,23,0,0,11,34,0,Abruzzo
2021-01-13,PF/BT,P.O. S.Spirito Pescara,ABR,30-39,13,41,48,1,0,5,54,0,Abruzzo
2021-01-13,PF/BT,P.O. S.Spirito Pescara,ABR,40-49,24,49,66,1,0,6,73,0,Abruzzo
2021-01-13,PF/BT,P.O. S.Spirito Pescara,ABR,50-59,27,35,50,5,0,7,62,0,Abruzzo
2021-01-13,PF/BT,P.O. S.Spirito Pescara,ABR,60-69,32,32,58,1,0,5,64,0,Abruzzo
2021-01-13,PF/BT,P.O. S.Spirito Pescara,ABR,70-79,4,1,5,0,0,0,5,0,Abruzzo
2021-01-13,PF/BT,P.O. S.Spirito Pescara,ABR,80-89,0,1,1,0,0,0,1,0,Abruzzo
2021-01-13,PF/BT,P.O. SAN FILIPPO E NICOLA AVEZZANO,ABR,20-29,3,23,14,12,0,0,26,0,Abruzzo
2021-01-13,PF/BT,P.O. SAN FILIPPO E NICOLA AVEZZANO,ABR,30-39,12,37,32,17,0,0,49,0,Abruzzo
2021-01-13,PF/BT,P.O. SAN FILIPPO E NICOLA AVEZZANO,ABR,40-49,12,30,27,14,0,1,42,0,Abruzzo
2021-01-13,PF/BT,P.O. SAN FILIPPO E NICOLA AVEZZANO,ABR,50-59,6,22,19,8,0,1,28,0,Abruzzo
2021-01-13,PF/BT,P.O. SAN FILIPPO E NICOLA AVEZZANO,ABR,60-69,17,12,23,6,0,0,29,0,Abruzzo
2021-01-13,PF/BT,P.O. SAN FILIPPO E NICOLA AVEZZANO,ABR,70-79,3,2,4,1,0,0,5,0,Abruzzo
2021-01-13,PF/BT,P.O. SAN FILIPPO E NICOLA AVEZZANO,ABR,80-89,1,0,1,0,0,0,1,0,Abruzzo
2021-01-13,PF/BT,P.O. SAN SALVATORE,ABR,20-29,11,12,17,5,0,1,23,0,Abruzzo
2021-01-13,PF/BT,P.O. SAN SALVATORE,ABR,30-39,16,29,27,18,0,0,45,0,Abruzzo
2021-01-13,PF/BT,P.O. SAN SALVATORE,ABR,40-49,15,36,32,15,0,4,51,0,Abruzzo
2021-01-13,PF/BT,P.O. SAN SALVATORE,ABR,50-59,16,31,27,16,0,4,47,0,Abruzzo
2021-01-13,PF/BT,P.O. SAN SALVATORE,ABR,60-69,17,17,28,6,0,0,34,0,Abruzzo
2021-01-13,PF/BT,P.O. SAN SALVATORE,ABR,70-79,7,2,9,0,0,0,9,0,Abruzzo
2021-01-13,PF/BT,P.O. SAN SALVATORE,ABR,80-89,1,0,0,0,0,1,1,0,Abruzzo
2021-01-13,PF/BT,P.O. VASTO S.Pio da Pietralcina,ABR,20-29,8,13,21,0,0,0,21,0,Abruzzo
2021-01-13,PF/BT,P.O. VASTO S.Pio da Pietralcina,ABR,30-39,9,17,26,0,0,0,26,0,Abruzzo
2021-01-13,PF/BT,P.O. VASTO S.Pio da Pietralcina,ABR,40-49,4,13,17,0,0,0,17,0,Abruzzo
2021-01-13,PF/BT,P.O. VASTO S.Pio da Pietralcina,ABR,50-59,5,36,41,0,0,0,41,0,Abruzzo
2021-01-13,PF/BT,P.O. VASTO S.Pio da Pietralcina,ABR,60-69,8,16,24,0,0,0,24,0,Abruzzo
2021-01-13,PF/BT,P.O. VASTO S.Pio da Pietralcina,ABR,70-79,1,0,1,0,0,0,1,0,Abruzzo
2021-01-13,PF/BT,P.O. VASTO S.Pio da Pietralcina,ABR,80-89,0,2,2,0,0,0,2,0,Abruzzo
2021-01-13,PF/BT,POLIAMBULATORIO CASALENA (SISP) - TERAMO,ABR,20-29,2,11,13,0,0,0,13,0,Abruzzo
2021-01-13,PF/BT,POLIAMBULATORIO CASALENA (SISP) - TERAMO,ABR,30-39,4,14,18,0,0,0,18,0,Abruzzo
2021-01-13,PF/BT,POLIAMBULATORIO CASALENA (SISP) - TERAMO,ABR,40-49,7,7,14,0,0,0,14,0,Abruzzo
2021-01-13,PF/BT,POLIAMBULATORIO CASALENA (SISP) - TERAMO,ABR,50-59,3,9,12,0,0,0,12,0,Abruzzo
2021-01-13,PF/BT,POLIAMBULATORIO CASALENA (SISP) - TERAMO,ABR,60-69,12,7,19,0,0,0,19,0,Abruzzo
2021-01-13,PF/BT,POLIAMBULATORIO CASALENA (SISP) - TERAMO,ABR,70-79,1,0,1,0,0,0,1,0,Abruzzo
2021-01-14,PF/BT,OSPEDALE DELLA VAL VIBRATA,ABR,20-29,0,1,0,1,0,0,1,0,Abruzzo
2021-01-14,PF/BT,OSPEDALE DELLA VAL VIBRATA,ABR,30-39,3,3,2,4,0,0,6,0,Abruzzo
2021-01-14,PF/BT,OSPEDALE DELLA VAL VIBRATA,ABR,40-49,5,5,1,9,0,0,10,0,Abruzzo
2021-01-14,PF/BT,OSPEDALE DELLA VAL VIBRATA,ABR,50-59,10,9,4,15,0,0,19,0,Abruzzo
2021-01-14,PF/BT,OSPEDALE DELLA VAL VIBRATA,ABR,60-69,3,3,2,4,0,0,6,0,Abruzzo
2021-01-14,PF/BT,OSPEDALE MARIA S.S.MA DELLO SPLENDORE - GIULIANOVA,ABR,20-29,8,7,13,2,0,0,15,0,Abruzzo
2021-01-14,PF/BT,OSPEDALE MARIA S.S.MA DELLO SPLENDORE - GIULIANOVA,ABR,30-39,14,14,21,7,0,0,28,0,Abruzzo
2021-01-14,PF/BT,OSPEDALE MARIA S.S.MA DELLO SPLENDORE - GIULIANOVA,ABR,40-49,5,19,18,6,0,0,24,0,Abruzzo
2021-01-14,PF/BT,OSPEDALE MARIA S.S.MA DELLO SPLENDORE - GIULIANOVA,ABR,50-59,8,13,15,6,0,0,21,0,Abruzzo
2021-01-14,PF/BT,OSPEDALE MARIA S.S.MA DELLO SPLENDORE - GIULIANOVA,ABR,60-69,10,9,17,2,0,0,19,0,Abruzzo
2021-01-14,PF/BT,OSPEDALE MARIA S.S.MA DELLO SPLENDORE - GIULIANOVA,ABR,70-79,1,0,1,0,0,0,1,0,Abruzzo
2021-01-14,PF/BT,P.O. LANCIANO Renzetti,ABR,20-29,3,5,5,3,0,0,8,0,Abruzzo
2021-01-14,PF/BT,P.O. LANCIANO Renzetti,ABR,30-39,7,17,12,12,0,0,24,0,Abruzzo
2021-01-14,PF/BT,P.O. LANCIANO Renzetti,ABR,40-49,13,26,24,14,1,0,39,0,Abruzzo
2021-01-14,PF/BT,P.O. LANCIANO Renzetti,ABR,50-59,7,36,30,13,0,0,43,0,Abruzzo
2021-01-14,PF/BT,P.O. LANCIANO Renzetti,ABR,60-69,8,12,16,2,2,0,20,0,Abruzzo
2021-01-14,PF/BT,P.O. LANCIANO Renzetti,ABR,70-79,0,8,2,0,6,0,8,0,Abruzzo
2021-01-14,PF/BT,P.O. LANCIANO Renzetti,ABR,80-89,0,18,2,0,16,0,18,0,Abruzzo
2021-01-14,PF/BT,P.O. LANCIANO Renzetti,ABR,90+,0,19,3,0,16,0,19,0,Abruzzo
2021-01-14,PF/BT,P.O. S.Spirito Pescara,ABR,20-29,7,5,11,1,0,0,12,0,Abruzzo
2021-01-14,PF/BT,P.O. S.Spirito Pescara,ABR,30-39,12,29,36,2,0,3,41,0,Abruzzo
2021-01-14,PF/BT,P.O. S.Spirito Pescara,ABR,40-49,19,21,38,1,0,1,40,0,Abruzzo
2021-01-14,PF/BT,P.O. S.Spirito Pescara,ABR,50-59,9,26,25,6,0,4,35,0,Abruzzo
2021-01-14,PF/BT,P.O. S.Spirito Pescara,ABR,60-69,21,12,28,4,0,1,33,0,Abruzzo
2021-01-14,PF/BT,P.O. S.Spirito Pescara,ABR,70-79,5,0,5,0,0,0,5,0,Abruzzo
2021-01-14,PF/BT,P.O. S.Spirito Pescara,ABR,80-89,0,1,0,0,0,1,1,0,Abruzzo
2021-01-14,PF/BT,P.O. SAN FILIPPO E NICOLA AVEZZANO,ABR,16-19,0,1,0,0,0,1,1,0,Abruzzo
2021-01-14,PF/BT,P.O. SAN FILIPPO E NICOLA AVEZZANO,ABR,20-29,2,7,9,0,0,0,9,0,Abruzzo
2021-01-14,PF/BT,P.O. SAN FILIPPO E NICOLA AVEZZANO,ABR,30-39,9,16,18,3,0,4,25,0,Abruzzo
2021-01-14,PF/BT,P.O. SAN FILIPPO E NICOLA AVEZZANO,ABR,40-49,8,16,20,4,0,0,24,0,Abruzzo
2021-01-14,PF/BT,P.O. SAN FILIPPO E NICOLA AVEZZANO,ABR,50-59,2,19,14,6,0,1,21,0,Abruzzo
2021-01-14,PF/BT,P.O. SAN FILIPPO E NICOLA AVEZZANO,ABR,60-69,5,15,17,2,0,1,20,0,Abruzzo
2021-01-14,PF/BT,P.O. SAN FILIPPO E NICOLA AVEZZANO,ABR,80-89,1,0,1,0,0,0,1,0,Abruzzo
2021-01-14,PF/BT,P.O. SAN FILIPPO E NICOLA AVEZZANO,ABR,90+,1,0,1,0,0,0,1,0,Abruzzo
2021-01-14,PF/BT,P.O. SAN SALVATORE,ABR,16-19,0,1,1,0,0,0,1,0,Abruzzo
2021-01-14,PF/BT,P.O. SAN SALVATORE,ABR,20-29,3,8,10,1,0,0,11,0,Abruzzo
2021-01-14,PF/BT,P.O. SAN SALVATORE,ABR,30-39,3,15,11,6,0,1,18,0,Abruzzo
2021-01-14,PF/BT,P.O. SAN SALVATORE,ABR,40-49,8,18,18,5,0,3,26,0,Abruzzo
2021-01-14,PF/BT,P.O. SAN SALVATORE,ABR,50-59,10,21,20,6,0,5,31,0,Abruzzo
2021-01-14,PF/BT,P.O. SAN SALVATORE,ABR,60-69,3,10,10,2,0,1,13,0,Abruzzo
2021-01-14,PF/BT,P.O. SAN SALVATORE,ABR,70-79,1,0,1,0,0,0,1,0,Abruzzo
2021-01-14,PF/BT,P.O. SAN SALVATORE,ABR,80-89,0,1,1,0,0,0,1,0,Abruzzo
2021-01-14,PF/BT,P.O. VASTO S.Pio da Pietralcina,ABR,20-29,0,7,6,0,0,1,7,0,Abruzzo
2021-01-14,PF/BT,P.O. VASTO S.Pio da Pietralcina,ABR,30-39,0,1,1,0,0,0,1,0,Abruzzo
2021-01-14,PF/BT,P.O. VASTO S.Pio da Pietralcina,ABR,40-49,1,3,4,0,0,0,4,0,Abruzzo
2021-01-14,PF/BT,P.O. VASTO S.Pio da Pietralcina,ABR,50-59,5,10,15,0,0,0,15,0,Abruzzo
2021-01-14,PF/BT,P.O. VASTO S.Pio da Pietralcina,ABR,60-69,6,3,9,0,0,0,9,0,Abruzzo
2021-01-15,PF/BT,P.O. S. Spirito Pescara,ABR,30-39,1,0,1,0,0,0,1,0,Abruzzo
2021-01-15,PF/BT,P.O. S.Spirito Pescara,ABR,20-29,3,10,9,1,0,3,13,0,Abruzzo
2021-01-15,PF/BT,P.O. S.Spirito Pescara,ABR,30-39,16,26,29,1,0,12,42,0,Abruzzo
2021-01-15,PF/BT,P.O. S.Spirito Pescara,ABR,40-49,9,30,28,3,0,8,39,0,Abruzzo
2021-01-15,PF/BT,P.O. S.Spirito Pescara,ABR,50-59,20,30,28,7,0,15,50,0,Abruzzo
2021-01-15,PF/BT,P.O. S.Spirito Pescara,ABR,60-69,26,15,35,4,0,2,41,0,Abruzzo
2021-01-15,PF/BT,P.O. S.Spirito Pescara,ABR,70-79,7,0,5,0,0,2,7,0,Abruzzo
2021-01-15,PF/BT,P.O. SAN FILIPPO E NICOLA AVEZZANO,ABR,30-39,0,2,2,0,0,0,2,0,Abruzzo
2021-01-15,PF/BT,P.O. SAN FILIPPO E NICOLA AVEZZANO,ABR,40-49,1,1,1,0,1,0,2,0,Abruzzo
2021-01-15,PF/BT,P.O. SAN FILIPPO E NICOLA AVEZZANO,ABR,50-59,1,3,2,0,2,0,4,0,Abruzzo
2021-01-15,PF/BT,P.O. SAN FILIPPO E NICOLA AVEZZANO,ABR,60-69,5,2,0,0,7,0,7,0,Abruzzo
2021-01-15,PF/BT,P.O. SAN FILIPPO E NICOLA AVEZZANO,ABR,70-79,9,18,0,0,27,0,27,0,Abruzzo
2021-01-15,PF/BT,P.O. SAN FILIPPO E NICOLA AVEZZANO,ABR,80-89,11,27,0,0,38,0,38,0,Abruzzo
2021-01-15,PF/BT,P.O. SAN FILIPPO E NICOLA AVEZZANO,ABR,90+,2,20,0,0,22,0,22,0,Abruzzo
2021-01-15,PF/BT,P.O. SAN SALVATORE,ABR,30-39,1,1,1,0,1,0,2,0,Abruzzo
2021-01-15,PF/BT,P.O. SAN SALVATORE,ABR,40-49,1,0,0,0,1,0,1,0,Abruzzo
2021-01-15,PF/BT,P.O. SAN SALVATORE,ABR,50-59,1,0,0,0,1,0,1,0,Abruzzo
2021-01-15,PF/BT,P.O. SAN SALVATORE,ABR,60-69,0,1,0,0,1,0,1,0,Abruzzo
2021-01-15,PF/BT,P.O. SAN SALVATORE,ABR,70-79,7,2,0,0,9,0,9,0,Abruzzo
2021-01-15,PF/BT,P.O. SAN SALVATORE,ABR,80-89,3,19,0,0,22,0,22,0,Abruzzo
2021-01-15,PF/BT,P.O. SAN SALVATORE,ABR,90+,1,3,0,0,4,0,4,0,Abruzzo
2021-01-15,PF/BT,POLIAMBULATORIO CASALENA (SISP) - TERAMO,ABR,20-29,2,2,4,0,0,0,4,0,Abruzzo
2021-01-15,PF/BT,POLIAMBULATORIO CASALENA (SISP) - TERAMO,ABR,30-39,8,6,14,0,0,0,14,0,Abruzzo
2021-01-15,PF/BT,POLIAMBULATORIO CASALENA (SISP) - TERAMO,ABR,40-49,1,5,6,0,0,0,6,0,Abruzzo
2021-01-15,PF/BT,POLIAMBULATORIO CASALENA (SISP) - TERAMO,ABR,50-59,5,13,18,0,0,0,18,0,Abruzzo
2021-01-15,PF/BT,POLIAMBULATORIO CASALENA (SISP) - TERAMO,ABR,60-69,5,7,12,0,0,0,12,0,Abruzzo
2021-01-15,PF/BT,"R.S.A. C.I.S.E. ""SANTA MARIA AUSILIATRICE""",ABR,40-49,1,0,0,0,1,0,1,0,Abruzzo
2021-01-15,PF/BT,"R.S.A. C.I.S.E. ""SANTA MARIA AUSILIATRICE""",ABR,50-59,0,1,0,0,1,0,1,0,Abruzzo
2021-01-15,PF/BT,"R.S.A. C.I.S.E. ""SANTA MARIA AUSILIATRICE""",ABR,60-69,1,0,0,0,1,0,1,0,Abruzzo
2021-01-15,PF/BT,"R.S.A. C.I.S.E. ""SANTA MARIA AUSILIATRICE""",ABR,70-79,3,4,0,0,7,0,7,0,Abruzzo
2021-01-15,PF/BT,"R.S.A. C.I.S.E. ""SANTA MARIA AUSILIATRICE""",ABR,80-89,5,15,0,0,20,0,20,0,Abruzzo
2021-01-15,PF/BT,"R.S.A. C.I.S.E. ""SANTA MARIA AUSILIATRICE""",ABR,90+,1,4,0,0,5,0,5,0,Abruzzo
2021-01-16,Moderna,0,ABR,20-29,3,3,6,0,0,0,6,0,Abruzzo
2021-01-16,Moderna,0,ABR,30-39,6,12,17,1,0,0,18,0,Abruzzo
2021-01-16,Moderna,0,ABR,40-49,3,15,16,2,0,0,18,0,Abruzzo
2021-01-16,Moderna,0,ABR,50-59,14,13,26,1,0,0,27,0,Abruzzo
2021-01-16,Moderna,0,ABR,60-69,37,14,51,0,0,0,51,0,Abruzzo
2021-01-16,Moderna,OSPEDALE MARIA S.S. DELLO SPLENDORE - GIULIANOVA,ABR,20-29,1,2,2,1,0,0,3,0,Abruzzo
2021-01-16,Moderna,OSPEDALE MARIA S.S. DELLO SPLENDORE - GIULIANOVA,ABR,30-39,7,8,10,4,0,1,15,0,Abruzzo
2021-01-16,Moderna,OSPEDALE MARIA S.S. DELLO SPLENDORE - GIULIANOVA,ABR,40-49,12,16,16,11,0,1,28,0,Abruzzo
2021-01-16,Moderna,OSPEDALE MARIA S.S. DELLO SPLENDORE - GIULIANOVA,ABR,50-59,17,15,13,19,0,0,32,0,Abruzzo
2021-01-16,Moderna,OSPEDALE MARIA S.S. DELLO SPLENDORE - GIULIANOVA,ABR,60-69,38,14,42,10,0,0,52,0,Abruzzo
2021-01-16,PF/BT,P.O. CLINICIZZ. 'SS. ANNUNZIATA' CHIETI,ABR,20-29,14,16,29,0,0,1,30,0,Abruzzo
2021-01-16,PF/BT,P.O. CLINICIZZ. 'SS. ANNUNZIATA' CHIETI,ABR,30-39,17,18,27,0,0,8,35,0,Abruzzo
2021-01-16,PF/BT,P.O. CLINICIZZ. 'SS. ANNUNZIATA' CHIETI,ABR,40-49,18,48,60,2,0,4,66,0,Abruzzo
2021-01-16,PF/BT,P.O. CLINICIZZ. 'SS. ANNUNZIATA' CHIETI,ABR,50-59,23,40,53,6,0,4,63,0,Abruzzo
2021-01-16,PF/BT,P.O. CLINICIZZ. 'SS. ANNUNZIATA' CHIETI,ABR,60-69,20,15,31,2,0,2,35,0,Abruzzo
2021-01-16,PF/BT,P.O. CLINICIZZ. 'SS. ANNUNZIATA' CHIETI,ABR,70-79,4,0,4,0,0,0,4,0,Abruzzo
2021-01-16,PF/BT,P.O. S.Spirito Pescara,ABR,20-29,1,9,10,0,0,0,10,0,Abruzzo
2021-01-16,PF/BT,P.O. S.Spirito Pescara,ABR,30-39,9,13,22,0,0,0,22,0,Abruzzo
2021-01-16,PF/BT,P.O. S.Spirito Pescara,ABR,40-49,8,14,21,0,0,1,22,0,Abruzzo
2021-01-16,PF/BT,P.O. S.Spirito Pescara,ABR,50-59,5,17,20,0,0,2,22,0,Abruzzo
2021-01-16,PF/BT,P.O. S.Spirito Pescara,ABR,60-69,17,19,32,1,0,3,36,0,Abruzzo
2021-01-16,PF/BT,P.O. S.Spirito Pescara,ABR,70-79,5,0,4,1,0,0,5,0,Abruzzo
2021-01-16,PF/BT,P.O. SAN SALVATORE,ABR,30-39,1,0,0,0,1,0,1,0,Abruzzo
2021-01-16,PF/BT,P.O. SAN SALVATORE,ABR,40-49,1,1,0,0,2,0,2,0,Abruzzo
2021-01-16,PF/BT,P.O. SAN SALVATORE,ABR,50-59,7,0,0,0,7,0,7,0,Abruzzo
2021-01-16,PF/BT,P.O. SAN SALVATORE,ABR,60-69,5,1,0,0,5,1,6,0,Abruzzo
2021-01-16,PF/BT,P.O. SAN SALVATORE,ABR,70-79,0,2,0,0,2,0,2,0,Abruzzo
2021-01-16,PF/BT,P.O. SAN SALVATORE,ABR,80-89,1,6,0,0,7,0,7,0,Abruzzo
2021-01-16,PF/BT,P.O. SAN SALVATORE,ABR,90+,1,4,0,0,5,0,5,0,Abruzzo
2021-01-16,PF/BT,"R.S.A. C.I.S.E. ""SANTA MARIA AUSILIATRICE""",ABR,50-59,0,1,0,0,1,0,1,0,Abruzzo
2021-01-16,PF/BT,"R.S.A. C.I.S.E. ""SANTA MARIA AUSILIATRICE""",ABR,70-79,1,3,0,0,4,0,4,0,Abruzzo
2021-01-16,PF/BT,"R.S.A. C.I.S.E. ""SANTA MARIA AUSILIATRICE""",ABR,80-89,3,5,0,0,8,0,8,0,Abruzzo
2021-01-16,PF/BT,"R.S.A. C.I.S.E. ""SANTA MARIA AUSILIATRICE""",ABR,90+,0,2,0,0,2,0,2,0,Abruzzo
