TML_DTA_SOMM,TML_VAX_FORNITORE,TML_DES_STRUTTURA,TML_AREA,TML_FASCIA_ETA,TML_SESSO_M,TML_SESSO_F,TML_CAT_OSS,TML_CAT_PERSONALE,TML_CAT_RSA_OSPITI,TML_CAT_ALTRO,TML_DOSE_1,TML_DOSE_2,TML_REGIONE,TML_NUTS
2020-12-27,PF/BT,P.O. A. BUSINCO - AOB,SAR,20-29,0,1,1,0,0,0,1,0,Sardegna,ITG2
2020-12-27,PF/BT,P.O. A. BUSINCO - AOB,SAR,30-39,0,3,3,0,0,0,3,0,Sardegna,ITG2
2020-12-27,PF/BT,P.O. A. BUSINCO - AOB,SAR,40-49,2,3,5,0,0,0,5,0,Sardegna,ITG2
2020-12-27,PF/BT,P.O. A. BUSINCO - AOB,SAR,50-59,6,5,11,0,0,0,11,0,Sardegna,ITG2
2020-12-27,PF/BT,P.O. A. BUSINCO - AOB,SAR,60-69,6,4,10,0,0,0,10,0,Sardegna,ITG2
2020-12-27,PF/BT,P.O. SAN MICHELE - AOB,SAR,20-29,0,4,4,0,0,0,4,0,Sardegna,ITG2
2020-12-27,PF/BT,P.O. SAN MICHELE - AOB,SAR,40-49,1,4,5,0,0,0,5,0,Sardegna,ITG2
2020-12-27,PF/BT,P.O. SAN MICHELE - AOB,SAR,50-59,6,3,9,0,0,0,9,0,Sardegna,ITG2
2020-12-27,PF/BT,P.O. SAN MICHELE - AOB,SAR,60-69,12,4,16,0,0,0,16,0,Sardegna,ITG2
2020-12-27,PF/BT,P.O. SAN MICHELE - AOB,SAR,70-79,1,0,1,0,0,0,1,0,Sardegna,ITG2
2020-12-28,PF/BT,P.O. A. BUSINCO - AOB,SAR,20-29,0,1,1,0,0,0,1,0,Sardegna,ITG2
2020-12-28,PF/BT,P.O. A. BUSINCO - AOB,SAR,30-39,0,1,1,0,0,0,1,0,Sardegna,ITG2
2020-12-28,PF/BT,P.O. A. BUSINCO - AOB,SAR,40-49,0,7,7,0,0,0,7,0,Sardegna,ITG2
2020-12-28,PF/BT,P.O. A. BUSINCO - AOB,SAR,50-59,1,8,9,0,0,0,9,0,Sardegna,ITG2
2020-12-28,PF/BT,P.O. A. BUSINCO - AOB,SAR,60-69,4,8,12,0,0,0,12,0,Sardegna,ITG2
2020-12-28,PF/BT,P.O. SAN MICHELE - AOB,SAR,30-39,3,1,4,0,0,0,4,0,Sardegna,ITG2
2020-12-28,PF/BT,P.O. SAN MICHELE - AOB,SAR,40-49,8,4,12,0,0,0,12,0,Sardegna,ITG2
2020-12-28,PF/BT,P.O. SAN MICHELE - AOB,SAR,50-59,8,7,15,0,0,0,15,0,Sardegna,ITG2
2020-12-28,PF/BT,P.O. SAN MICHELE - AOB,SAR,60-69,1,3,4,0,0,0,4,0,Sardegna,ITG2
2020-12-29,PF/BT,P.O. SAN MICHELE - AOB,SAR,20-29,2,1,3,0,0,0,3,0,Sardegna,ITG2
2020-12-29,PF/BT,P.O. SAN MICHELE - AOB,SAR,30-39,1,2,3,0,0,0,3,0,Sardegna,ITG2
2020-12-29,PF/BT,P.O. SAN MICHELE - AOB,SAR,40-49,6,4,10,0,0,0,10,0,Sardegna,ITG2
2020-12-29,PF/BT,P.O. SAN MICHELE - AOB,SAR,50-59,8,11,18,1,0,0,19,0,Sardegna,ITG2
2020-12-29,PF/BT,P.O. SAN MICHELE - AOB,SAR,60-69,12,3,15,0,0,0,15,0,Sardegna,ITG2
2020-12-31,PF/BT,A.O.U. Cagliari,SAR,30-39,1,1,2,0,0,0,2,0,Sardegna,ITG2
2020-12-31,PF/BT,A.O.U. Cagliari,SAR,40-49,1,1,2,0,0,0,2,0,Sardegna,ITG2
2020-12-31,PF/BT,A.O.U. Cagliari,SAR,50-59,4,5,9,0,0,0,9,0,Sardegna,ITG2
2020-12-31,PF/BT,A.O.U. Cagliari,SAR,60-69,5,1,6,0,0,0,6,0,Sardegna,ITG2
2020-12-31,PF/BT,A.O.U. Cagliari,SAR,70-79,1,0,1,0,0,0,1,0,Sardegna,ITG2
2020-12-31,PF/BT,AZIENDA OSPEDALIERO UNIVERSITARIA SS,SAR,30-39,0,1,1,0,0,0,1,0,Sardegna,ITG2
2020-12-31,PF/BT,AZIENDA OSPEDALIERO UNIVERSITARIA SS,SAR,40-49,1,2,2,1,0,0,3,0,Sardegna,ITG2
2020-12-31,PF/BT,AZIENDA OSPEDALIERO UNIVERSITARIA SS,SAR,50-59,2,5,3,3,0,1,7,0,Sardegna,ITG2
2020-12-31,PF/BT,AZIENDA OSPEDALIERO UNIVERSITARIA SS,SAR,60-69,1,0,1,0,0,0,1,0,Sardegna,ITG2
2021-01-01,PF/BT,P.O. R.BINAGHI CAGLIARI,SAR,20-29,1,0,1,0,0,0,1,0,Sardegna,ITG2
2021-01-01,PF/BT,P.O. R.BINAGHI CAGLIARI,SAR,30-39,2,2,4,0,0,0,4,0,Sardegna,ITG2
2021-01-01,PF/BT,P.O. R.BINAGHI CAGLIARI,SAR,40-49,3,5,8,0,0,0,8,0,Sardegna,ITG2
2021-01-01,PF/BT,P.O. R.BINAGHI CAGLIARI,SAR,50-59,3,7,10,0,0,0,10,0,Sardegna,ITG2
2021-01-01,PF/BT,P.O. R.BINAGHI CAGLIARI,SAR,60-69,7,0,7,0,0,0,7,0,Sardegna,ITG2
2021-01-02,PF/BT,P.O. R.BINAGHI CAGLIARI,SAR,20-29,0,3,3,0,0,0,3,0,Sardegna,ITG2
2021-01-02,PF/BT,P.O. R.BINAGHI CAGLIARI,SAR,30-39,1,5,6,0,0,0,6,0,Sardegna,ITG2
2021-01-02,PF/BT,P.O. R.BINAGHI CAGLIARI,SAR,40-49,3,11,14,0,0,0,14,0,Sardegna,ITG2
2021-01-02,PF/BT,P.O. R.BINAGHI CAGLIARI,SAR,50-59,10,15,25,0,0,0,25,0,Sardegna,ITG2
2021-01-02,PF/BT,P.O. R.BINAGHI CAGLIARI,SAR,60-69,7,5,12,0,0,0,12,0,Sardegna,ITG2
2021-01-03,PF/BT,P.O. R.BINAGHI CAGLIARI,SAR,20-29,2,7,9,0,0,0,9,0,Sardegna,ITG2
2021-01-03,PF/BT,P.O. R.BINAGHI CAGLIARI,SAR,30-39,5,6,11,0,0,0,11,0,Sardegna,ITG2
2021-01-03,PF/BT,P.O. R.BINAGHI CAGLIARI,SAR,40-49,7,12,19,0,0,0,19,0,Sardegna,ITG2
2021-01-03,PF/BT,P.O. R.BINAGHI CAGLIARI,SAR,50-59,10,16,26,0,0,0,26,0,Sardegna,ITG2
2021-01-03,PF/BT,P.O. R.BINAGHI CAGLIARI,SAR,60-69,11,13,23,1,0,0,24,0,Sardegna,ITG2
2021-01-03,PF/BT,P.O. R.BINAGHI CAGLIARI,SAR,70-79,1,0,1,0,0,0,1,0,Sardegna,ITG2
2021-01-04,PF/BT,A.O.U. Cagliari,SAR,20-29,2,8,10,0,0,0,10,0,Sardegna,ITG2
2021-01-04,PF/BT,A.O.U. Cagliari,SAR,30-39,10,12,21,1,0,0,22,0,Sardegna,ITG2
2021-01-04,PF/BT,A.O.U. Cagliari,SAR,40-49,9,18,27,0,0,0,27,0,Sardegna,ITG2
2021-01-04,PF/BT,A.O.U. Cagliari,SAR,50-59,19,24,43,0,0,0,43,0,Sardegna,ITG2
2021-01-04,PF/BT,A.O.U. Cagliari,SAR,60-69,12,18,30,0,0,0,30,0,Sardegna,ITG2
2021-01-04,PF/BT,AZIENDA OSPEDALIERO UNIVERSITARIA SS,SAR,20-29,4,8,12,0,0,0,12,0,Sardegna,ITG2
2021-01-04,PF/BT,AZIENDA OSPEDALIERO UNIVERSITARIA SS,SAR,30-39,18,22,39,1,0,0,40,0,Sardegna,ITG2
2021-01-04,PF/BT,AZIENDA OSPEDALIERO UNIVERSITARIA SS,SAR,40-49,11,22,31,1,0,1,33,0,Sardegna,ITG2
2021-01-04,PF/BT,AZIENDA OSPEDALIERO UNIVERSITARIA SS,SAR,50-59,14,23,35,2,0,0,37,0,Sardegna,ITG2
2021-01-04,PF/BT,AZIENDA OSPEDALIERO UNIVERSITARIA SS,SAR,60-69,10,6,16,0,0,0,16,0,Sardegna,ITG2
2021-01-04,PF/BT,AZIENDA OSPEDALIERO UNIVERSITARIA SS,SAR,90+,1,0,1,0,0,0,1,0,Sardegna,ITG2
2021-01-04,PF/BT,OSPEDALE CIVILE ALGHERO,SAR,20-29,3,19,22,0,0,0,22,0,Sardegna,ITG2
2021-01-04,PF/BT,OSPEDALE CIVILE ALGHERO,SAR,30-39,18,24,42,0,0,0,42,0,Sardegna,ITG2
2021-01-04,PF/BT,OSPEDALE CIVILE ALGHERO,SAR,40-49,10,38,48,0,0,0,48,0,Sardegna,ITG2
2021-01-04,PF/BT,OSPEDALE CIVILE ALGHERO,SAR,50-59,12,34,45,1,0,0,46,0,Sardegna,ITG2
2021-01-04,PF/BT,OSPEDALE CIVILE ALGHERO,SAR,60-69,14,8,22,0,0,0,22,0,Sardegna,ITG2
2021-01-04,PF/BT,P.O. MARINO CAGLIARI,SAR,40-49,2,1,2,1,0,0,3,0,Sardegna,ITG2
2021-01-04,PF/BT,P.O. MARINO CAGLIARI,SAR,50-59,4,3,5,2,0,0,7,0,Sardegna,ITG2
2021-01-04,PF/BT,P.O. MARINO CAGLIARI,SAR,60-69,4,4,8,0,0,0,8,0,Sardegna,ITG2
2021-01-04,PF/BT,P.O. R.BINAGHI CAGLIARI,SAR,20-29,1,2,2,1,0,0,3,0,Sardegna,ITG2
2021-01-04,PF/BT,P.O. R.BINAGHI CAGLIARI,SAR,30-39,4,14,18,0,0,0,18,0,Sardegna,ITG2
2021-01-04,PF/BT,P.O. R.BINAGHI CAGLIARI,SAR,40-49,2,9,8,3,0,0,11,0,Sardegna,ITG2
2021-01-04,PF/BT,P.O. R.BINAGHI CAGLIARI,SAR,50-59,2,16,16,2,0,0,18,0,Sardegna,ITG2
2021-01-04,PF/BT,P.O. R.BINAGHI CAGLIARI,SAR,60-69,4,6,10,0,0,0,10,0,Sardegna,ITG2
2021-01-04,PF/BT,P.O. SAN MICHELE - AOB,SAR,20-29,0,1,1,0,0,0,1,0,Sardegna,ITG2
2021-01-04,PF/BT,P.O. SAN MICHELE - AOB,SAR,30-39,2,1,3,0,0,0,3,0,Sardegna,ITG2
2021-01-04,PF/BT,P.O. SAN MICHELE - AOB,SAR,40-49,2,1,3,0,0,0,3,0,Sardegna,ITG2
2021-01-04,PF/BT,P.O. SAN MICHELE - AOB,SAR,50-59,2,6,8,0,0,0,8,0,Sardegna,ITG2
2021-01-04,PF/BT,P.O. SAN MICHELE - AOB,SAR,60-69,3,2,5,0,0,0,5,0,Sardegna,ITG2
2021-01-04,PF/BT,P.O. SS. TRINITA` CAGLIARI,SAR,30-39,3,1,3,1,0,0,4,0,Sardegna,ITG2
2021-01-04,PF/BT,P.O. SS. TRINITA` CAGLIARI,SAR,40-49,1,3,4,0,0,0,4,0,Sardegna,ITG2
2021-01-04,PF/BT,P.O. SS. TRINITA` CAGLIARI,SAR,50-59,5,4,7,2,0,0,9,0,Sardegna,ITG2
2021-01-04,PF/BT,P.O. SS. TRINITA` CAGLIARI,SAR,60-69,4,3,5,2,0,0,7,0,Sardegna,ITG2
2021-01-05,PF/BT,A.O.U. Cagliari,SAR,20-29,3,5,8,0,0,0,8,0,Sardegna,ITG2
2021-01-05,PF/BT,A.O.U. Cagliari,SAR,30-39,10,17,27,0,0,0,27,0,Sardegna,ITG2
2021-01-05,PF/BT,A.O.U. Cagliari,SAR,40-49,12,28,40,0,0,0,40,0,Sardegna,ITG2
2021-01-05,PF/BT,A.O.U. Cagliari,SAR,50-59,22,54,76,0,0,0,76,0,Sardegna,ITG2
2021-01-05,PF/BT,A.O.U. Cagliari,SAR,60-69,26,21,47,0,0,0,47,0,Sardegna,ITG2
2021-01-05,PF/BT,AZIENDA OSPEDALIERO UNIVERSITARIA SS,SAR,20-29,6,18,24,0,0,0,24,0,Sardegna,ITG2
2021-01-05,PF/BT,AZIENDA OSPEDALIERO UNIVERSITARIA SS,SAR,30-39,23,44,67,0,0,0,67,0,Sardegna,ITG2
2021-01-05,PF/BT,AZIENDA OSPEDALIERO UNIVERSITARIA SS,SAR,40-49,19,62,81,0,0,0,81,0,Sardegna,ITG2
2021-01-05,PF/BT,AZIENDA OSPEDALIERO UNIVERSITARIA SS,SAR,50-59,15,45,59,0,0,1,60,0,Sardegna,ITG2
2021-01-05,PF/BT,AZIENDA OSPEDALIERO UNIVERSITARIA SS,SAR,60-69,10,16,23,0,0,3,26,0,Sardegna,ITG2
2021-01-05,PF/BT,P.O.  GIOVANNI PAOLO II  OLBIA,SAR,20-29,0,3,3,0,0,0,3,0,Sardegna,ITG2
2021-01-05,PF/BT,P.O.  GIOVANNI PAOLO II  OLBIA,SAR,30-39,9,14,23,0,0,0,23,0,Sardegna,ITG2
2021-01-05,PF/BT,P.O.  GIOVANNI PAOLO II  OLBIA,SAR,40-49,11,26,37,0,0,0,37,0,Sardegna,ITG2
2021-01-05,PF/BT,P.O.  GIOVANNI PAOLO II  OLBIA,SAR,50-59,6,32,38,0,0,0,38,0,Sardegna,ITG2
2021-01-05,PF/BT,P.O.  GIOVANNI PAOLO II  OLBIA,SAR,60-69,8,11,19,0,0,0,19,0,Sardegna,ITG2
2021-01-05,PF/BT,P.O. MARINO CAGLIARI,SAR,20-29,1,2,2,1,0,0,3,0,Sardegna,ITG2
2021-01-05,PF/BT,P.O. MARINO CAGLIARI,SAR,30-39,0,6,6,0,0,0,6,0,Sardegna,ITG2
2021-01-05,PF/BT,P.O. MARINO CAGLIARI,SAR,40-49,5,5,10,0,0,0,10,0,Sardegna,ITG2
2021-01-05,PF/BT,P.O. MARINO CAGLIARI,SAR,50-59,6,19,25,0,0,0,25,0,Sardegna,ITG2
2021-01-05,PF/BT,P.O. MARINO CAGLIARI,SAR,60-69,5,5,9,1,0,0,10,0,Sardegna,ITG2
2021-01-05,PF/BT,P.O. PAOLO DETTORI - TEMPIO P.,SAR,30-39,1,2,3,0,0,0,3,0,Sardegna,ITG2
2021-01-05,PF/BT,P.O. PAOLO DETTORI - TEMPIO P.,SAR,40-49,4,10,13,1,0,0,14,0,Sardegna,ITG2
2021-01-05,PF/BT,P.O. PAOLO DETTORI - TEMPIO P.,SAR,50-59,4,5,8,1,0,0,9,0,Sardegna,ITG2
2021-01-05,PF/BT,P.O. PAOLO DETTORI - TEMPIO P.,SAR,60-69,3,1,4,0,0,0,4,0,Sardegna,ITG2
2021-01-05,PF/BT,P.O. R.BINAGHI CAGLIARI,SAR,20-29,8,9,10,7,0,0,17,0,Sardegna,ITG2
2021-01-05,PF/BT,P.O. R.BINAGHI CAGLIARI,SAR,30-39,9,10,13,6,0,0,19,0,Sardegna,ITG2
2021-01-05,PF/BT,P.O. R.BINAGHI CAGLIARI,SAR,40-49,11,10,15,6,0,0,21,0,Sardegna,ITG2
2021-01-05,PF/BT,P.O. R.BINAGHI CAGLIARI,SAR,50-59,15,18,27,6,0,0,33,0,Sardegna,ITG2
2021-01-05,PF/BT,P.O. R.BINAGHI CAGLIARI,SAR,60-69,10,8,15,3,0,0,18,0,Sardegna,ITG2
2021-01-05,PF/BT,P.O. SAN MARTINO ORISTANO,SAR,20-29,1,1,2,0,0,0,2,0,Sardegna,ITG2
2021-01-05,PF/BT,P.O. SAN MARTINO ORISTANO,SAR,30-39,3,7,10,0,0,0,10,0,Sardegna,ITG2
2021-01-05,PF/BT,P.O. SAN MARTINO ORISTANO,SAR,40-49,5,17,22,0,0,0,22,0,Sardegna,ITG2
2021-01-05,PF/BT,P.O. SAN MARTINO ORISTANO,SAR,50-59,13,15,28,0,0,0,28,0,Sardegna,ITG2
2021-01-05,PF/BT,P.O. SAN MARTINO ORISTANO,SAR,60-69,3,7,10,0,0,0,10,0,Sardegna,ITG2
2021-01-05,PF/BT,P.O. SAN MICHELE - AOB,SAR,20-29,1,2,3,0,0,0,3,0,Sardegna,ITG2
2021-01-05,PF/BT,P.O. SAN MICHELE - AOB,SAR,30-39,2,2,4,0,0,0,4,0,Sardegna,ITG2
2021-01-05,PF/BT,P.O. SAN MICHELE - AOB,SAR,40-49,2,5,7,0,0,0,7,0,Sardegna,ITG2
2021-01-05,PF/BT,P.O. SAN MICHELE - AOB,SAR,50-59,0,6,6,0,0,0,6,0,Sardegna,ITG2
2021-01-05,PF/BT,P.O. SAN MICHELE - AOB,SAR,60-69,3,0,3,0,0,0,3,0,Sardegna,ITG2
2021-01-05,PF/BT,P.O. SS. TRINITA` CAGLIARI,SAR,20-29,1,2,3,0,0,0,3,0,Sardegna,ITG2
2021-01-05,PF/BT,P.O. SS. TRINITA` CAGLIARI,SAR,30-39,6,6,12,0,0,0,12,0,Sardegna,ITG2
2021-01-05,PF/BT,P.O. SS. TRINITA` CAGLIARI,SAR,40-49,1,13,14,0,0,0,14,0,Sardegna,ITG2
2021-01-05,PF/BT,P.O. SS. TRINITA` CAGLIARI,SAR,50-59,4,17,21,0,0,0,21,0,Sardegna,ITG2
2021-01-05,PF/BT,P.O. SS. TRINITA` CAGLIARI,SAR,60-69,6,4,10,0,0,0,10,0,Sardegna,ITG2
2021-01-06,PF/BT,A.O.U. Cagliari,SAR,20-29,0,4,4,0,0,0,4,0,Sardegna,ITG2
2021-01-06,PF/BT,A.O.U. Cagliari,SAR,30-39,5,1,6,0,0,0,6,0,Sardegna,ITG2
2021-01-06,PF/BT,A.O.U. Cagliari,SAR,40-49,0,3,3,0,0,0,3,0,Sardegna,ITG2
2021-01-06,PF/BT,A.O.U. Cagliari,SAR,50-59,3,7,10,0,0,0,10,0,Sardegna,ITG2
2021-01-06,PF/BT,A.O.U. Cagliari,SAR,60-69,1,0,1,0,0,0,1,0,Sardegna,ITG2
2021-01-06,PF/BT,AZIENDA OSPEDALIERO UNIVERSITARIA SS,SAR,20-29,10,37,46,0,0,1,47,0,Sardegna,ITG2
2021-01-06,PF/BT,AZIENDA OSPEDALIERO UNIVERSITARIA SS,SAR,30-39,26,44,67,0,0,3,70,0,Sardegna,ITG2
2021-01-06,PF/BT,AZIENDA OSPEDALIERO UNIVERSITARIA SS,SAR,40-49,24,62,84,0,0,2,86,0,Sardegna,ITG2
2021-01-06,PF/BT,AZIENDA OSPEDALIERO UNIVERSITARIA SS,SAR,50-59,20,67,86,0,0,1,87,0,Sardegna,ITG2
2021-01-06,PF/BT,AZIENDA OSPEDALIERO UNIVERSITARIA SS,SAR,60-69,6,18,22,0,0,2,24,0,Sardegna,ITG2
2021-01-06,PF/BT,AZIENDA OSPEDALIERO UNIVERSITARIA SS,SAR,80-89,1,0,1,0,0,0,1,0,Sardegna,ITG2
2021-01-06,PF/BT,P.O.  GIOVANNI PAOLO II  OLBIA,SAR,20-29,3,5,8,0,0,0,8,0,Sardegna,ITG2
2021-01-06,PF/BT,P.O.  GIOVANNI PAOLO II  OLBIA,SAR,30-39,12,33,45,0,0,0,45,0,Sardegna,ITG2
2021-01-06,PF/BT,P.O.  GIOVANNI PAOLO II  OLBIA,SAR,40-49,12,27,38,1,0,0,39,0,Sardegna,ITG2
2021-01-06,PF/BT,P.O.  GIOVANNI PAOLO II  OLBIA,SAR,50-59,10,37,47,0,0,0,47,0,Sardegna,ITG2
2021-01-06,PF/BT,P.O.  GIOVANNI PAOLO II  OLBIA,SAR,60-69,10,7,17,0,0,0,17,0,Sardegna,ITG2
2021-01-06,PF/BT,P.O.  SAN FRANCESCO,SAR,20-29,3,10,13,0,0,0,13,0,Sardegna,ITG2
2021-01-06,PF/BT,P.O.  SAN FRANCESCO,SAR,30-39,7,17,24,0,0,0,24,0,Sardegna,ITG2
2021-01-06,PF/BT,P.O.  SAN FRANCESCO,SAR,40-49,4,24,28,0,0,0,28,0,Sardegna,ITG2
2021-01-06,PF/BT,P.O.  SAN FRANCESCO,SAR,50-59,6,34,40,0,0,0,40,0,Sardegna,ITG2
2021-01-06,PF/BT,P.O.  SAN FRANCESCO,SAR,60-69,3,10,12,1,0,0,13,0,Sardegna,ITG2
2021-01-06,PF/BT,P.O. MARINO CAGLIARI,SAR,20-29,2,4,6,0,0,0,6,0,Sardegna,ITG2
2021-01-06,PF/BT,P.O. MARINO CAGLIARI,SAR,30-39,3,5,8,0,0,0,8,0,Sardegna,ITG2
2021-01-06,PF/BT,P.O. MARINO CAGLIARI,SAR,40-49,4,5,9,0,0,0,9,0,Sardegna,ITG2
2021-01-06,PF/BT,P.O. MARINO CAGLIARI,SAR,50-59,4,13,17,0,0,0,17,0,Sardegna,ITG2
2021-01-06,PF/BT,P.O. MARINO CAGLIARI,SAR,60-69,4,4,8,0,0,0,8,0,Sardegna,ITG2
2021-01-06,PF/BT,P.O. PAOLO DETTORI - TEMPIO P.,SAR,20-29,2,1,3,0,0,0,3,0,Sardegna,ITG2
2021-01-06,PF/BT,P.O. PAOLO DETTORI - TEMPIO P.,SAR,30-39,3,8,11,0,0,0,11,0,Sardegna,ITG2
2021-01-06,PF/BT,P.O. PAOLO DETTORI - TEMPIO P.,SAR,40-49,6,9,10,3,0,2,15,0,Sardegna,ITG2
2021-01-06,PF/BT,P.O. PAOLO DETTORI - TEMPIO P.,SAR,50-59,11,17,18,7,0,3,28,0,Sardegna,ITG2
2021-01-06,PF/BT,P.O. PAOLO DETTORI - TEMPIO P.,SAR,60-69,7,8,11,3,0,1,15,0,Sardegna,ITG2
2021-01-06,PF/BT,P.O. PAOLO MERLO LA MADDALENA,SAR,20-29,0,1,1,0,0,0,1,0,Sardegna,ITG2
2021-01-06,PF/BT,P.O. PAOLO MERLO LA MADDALENA,SAR,30-39,0,1,1,0,0,0,1,0,Sardegna,ITG2
2021-01-06,PF/BT,P.O. PAOLO MERLO LA MADDALENA,SAR,40-49,4,4,7,1,0,0,8,0,Sardegna,ITG2
2021-01-06,PF/BT,P.O. PAOLO MERLO LA MADDALENA,SAR,50-59,4,5,7,2,0,0,9,0,Sardegna,ITG2
2021-01-06,PF/BT,P.O. PAOLO MERLO LA MADDALENA,SAR,60-69,4,2,6,0,0,0,6,0,Sardegna,ITG2
2021-01-06,PF/BT,P.O. R.BINAGHI CAGLIARI,SAR,20-29,8,18,20,6,0,0,26,0,Sardegna,ITG2
2021-01-06,PF/BT,P.O. R.BINAGHI CAGLIARI,SAR,30-39,12,18,25,5,0,0,30,0,Sardegna,ITG2
2021-01-06,PF/BT,P.O. R.BINAGHI CAGLIARI,SAR,40-49,15,26,32,9,0,0,41,0,Sardegna,ITG2
2021-01-06,PF/BT,P.O. R.BINAGHI CAGLIARI,SAR,50-59,37,38,54,21,0,0,75,0,Sardegna,ITG2
2021-01-06,PF/BT,P.O. R.BINAGHI CAGLIARI,SAR,60-69,27,14,32,9,0,0,41,0,Sardegna,ITG2
2021-01-06,PF/BT,P.O. R.BINAGHI CAGLIARI,SAR,70-79,3,0,3,0,0,0,3,0,Sardegna,ITG2
2021-01-06,PF/BT,P.O. SAN MARTINO ORISTANO,SAR,20-29,2,4,6,0,0,0,6,0,Sardegna,ITG2
2021-01-06,PF/BT,P.O. SAN MARTINO ORISTANO,SAR,30-39,3,22,25,0,0,0,25,0,Sardegna,ITG2
2021-01-06,PF/BT,P.O. SAN MARTINO ORISTANO,SAR,40-49,9,13,22,0,0,0,22,0,Sardegna,ITG2
2021-01-06,PF/BT,P.O. SAN MARTINO ORISTANO,SAR,50-59,7,19,26,0,0,0,26,0,Sardegna,ITG2
2021-01-06,PF/BT,P.O. SAN MARTINO ORISTANO,SAR,60-69,5,6,11,0,0,0,11,0,Sardegna,ITG2
2021-01-06,PF/BT,P.O. SAN MICHELE - AOB,SAR,20-29,3,10,13,0,0,0,13,0,Sardegna,ITG2
2021-01-06,PF/BT,P.O. SAN MICHELE - AOB,SAR,30-39,14,30,44,0,0,0,44,0,Sardegna,ITG2
2021-01-06,PF/BT,P.O. SAN MICHELE - AOB,SAR,40-49,17,33,50,0,0,0,50,0,Sardegna,ITG2
2021-01-06,PF/BT,P.O. SAN MICHELE - AOB,SAR,50-59,14,31,45,0,0,0,45,0,Sardegna,ITG2
2021-01-06,PF/BT,P.O. SAN MICHELE - AOB,SAR,60-69,3,9,12,0,0,0,12,0,Sardegna,ITG2
2021-01-06,PF/BT,P.O. SS. TRINITA` CAGLIARI,SAR,20-29,1,3,4,0,0,0,4,0,Sardegna,ITG2
2021-01-06,PF/BT,P.O. SS. TRINITA` CAGLIARI,SAR,30-39,4,8,11,1,0,0,12,0,Sardegna,ITG2
2021-01-06,PF/BT,P.O. SS. TRINITA` CAGLIARI,SAR,40-49,8,12,17,3,0,0,20,0,Sardegna,ITG2
2021-01-06,PF/BT,P.O. SS. TRINITA` CAGLIARI,SAR,50-59,8,16,22,2,0,0,24,0,Sardegna,ITG2
2021-01-06,PF/BT,P.O. SS. TRINITA` CAGLIARI,SAR,60-69,8,16,24,0,0,0,24,0,Sardegna,ITG2
2021-01-06,PF/BT,P.O.CTO,SAR,20-29,2,3,5,0,0,0,5,0,Sardegna,ITG2
2021-01-06,PF/BT,P.O.CTO,SAR,30-39,2,9,10,1,0,0,11,0,Sardegna,ITG2
2021-01-06,PF/BT,P.O.CTO,SAR,40-49,11,18,26,3,0,0,29,0,Sardegna,ITG2
2021-01-06,PF/BT,P.O.CTO,SAR,50-59,16,35,46,5,0,0,51,0,Sardegna,ITG2
2021-01-06,PF/BT,P.O.CTO,SAR,60-69,19,16,34,1,0,0,35,0,Sardegna,ITG2
2021-01-06,PF/BT,PRESIDIO OSPEDALIERO N.S. DI BONARIA,SAR,20-29,0,2,2,0,0,0,2,0,Sardegna,ITG2
2021-01-06,PF/BT,PRESIDIO OSPEDALIERO N.S. DI BONARIA,SAR,30-39,6,2,8,0,0,0,8,0,Sardegna,ITG2
2021-01-06,PF/BT,PRESIDIO OSPEDALIERO N.S. DI BONARIA,SAR,40-49,2,9,11,0,0,0,11,0,Sardegna,ITG2
2021-01-06,PF/BT,PRESIDIO OSPEDALIERO N.S. DI BONARIA,SAR,50-59,1,13,14,0,0,0,14,0,Sardegna,ITG2
2021-01-06,PF/BT,PRESIDIO OSPEDALIERO N.S. DI BONARIA,SAR,60-69,4,3,7,0,0,0,7,0,Sardegna,ITG2
2021-01-06,PF/BT,SISP-SASSARI,SAR,20-29,8,10,16,2,0,0,18,0,Sardegna,ITG2
2021-01-06,PF/BT,SISP-SASSARI,SAR,30-39,12,16,27,1,0,0,28,0,Sardegna,ITG2
2021-01-06,PF/BT,SISP-SASSARI,SAR,40-49,6,11,14,1,0,2,17,0,Sardegna,ITG2
2021-01-06,PF/BT,SISP-SASSARI,SAR,50-59,4,8,10,0,0,2,12,0,Sardegna,ITG2
2021-01-06,PF/BT,SISP-SASSARI,SAR,60-69,14,13,21,2,0,4,27,0,Sardegna,ITG2
2021-01-07,PF/BT,"AOU CAGLIARI P.O. “D. CASULA""",SAR,20-29,0,12,12,0,0,0,12,0,Sardegna,ITG2
2021-01-07,PF/BT,"AOU CAGLIARI P.O. “D. CASULA""",SAR,30-39,17,27,44,0,0,0,44,0,Sardegna,ITG2
2021-01-07,PF/BT,"AOU CAGLIARI P.O. “D. CASULA""",SAR,40-49,23,42,65,0,0,0,65,0,Sardegna,ITG2
2021-01-07,PF/BT,"AOU CAGLIARI P.O. “D. CASULA""",SAR,50-59,37,81,118,0,0,0,118,0,Sardegna,ITG2
2021-01-07,PF/BT,"AOU CAGLIARI P.O. “D. CASULA""",SAR,60-69,23,26,49,0,0,0,49,0,Sardegna,ITG2
2021-01-07,PF/BT,AOU DI SASSARI,SAR,20-29,25,34,59,0,0,0,59,0,Sardegna,ITG2
2021-01-07,PF/BT,AOU DI SASSARI,SAR,30-39,42,75,110,0,0,7,117,0,Sardegna,ITG2
2021-01-07,PF/BT,AOU DI SASSARI,SAR,40-49,50,115,149,0,0,16,165,0,Sardegna,ITG2
2021-01-07,PF/BT,AOU DI SASSARI,SAR,50-59,45,116,142,0,0,19,161,0,Sardegna,ITG2
2021-01-07,PF/BT,AOU DI SASSARI,SAR,60-69,23,41,63,0,0,1,64,0,Sardegna,ITG2
2021-01-07,PF/BT,AOU DI SASSARI,SAR,70-79,1,0,0,0,0,1,1,0,Sardegna,ITG2
2021-01-07,PF/BT,OSPEDALE BUSINCO,SAR,20-29,0,4,4,0,0,0,4,0,Sardegna,ITG2
2021-01-07,PF/BT,OSPEDALE BUSINCO,SAR,30-39,5,10,13,2,0,0,15,0,Sardegna,ITG2
2021-01-07,PF/BT,OSPEDALE BUSINCO,SAR,40-49,4,20,24,0,0,0,24,0,Sardegna,ITG2
2021-01-07,PF/BT,OSPEDALE BUSINCO,SAR,50-59,10,40,50,0,0,0,50,0,Sardegna,ITG2
2021-01-07,PF/BT,OSPEDALE BUSINCO,SAR,60-69,9,16,25,0,0,0,25,0,Sardegna,ITG2
2021-01-07,PF/BT,OSPEDALE CIVILE ALGHERO,SAR,16-19,0,1,1,0,0,0,1,0,Sardegna,ITG2
2021-01-07,PF/BT,OSPEDALE CIVILE ALGHERO,SAR,20-29,9,12,14,7,0,0,21,0,Sardegna,ITG2
2021-01-07,PF/BT,OSPEDALE CIVILE ALGHERO,SAR,30-39,29,31,23,37,0,0,60,0,Sardegna,ITG2
2021-01-07,PF/BT,OSPEDALE CIVILE ALGHERO,SAR,40-49,34,56,34,55,0,1,90,0,Sardegna,ITG2
2021-01-07,PF/BT,OSPEDALE CIVILE ALGHERO,SAR,50-59,37,81,59,54,0,5,118,0,Sardegna,ITG2
2021-01-07,PF/BT,OSPEDALE CIVILE ALGHERO,SAR,60-69,22,35,37,17,0,3,57,0,Sardegna,ITG2
2021-01-07,PF/BT,OSPEDALE CIVILE ALGHERO,SAR,70-79,1,0,1,0,0,0,1,0,Sardegna,ITG2
2021-01-07,PF/BT,OSPEDALE CIVILE OZIERI,SAR,20-29,6,3,9,0,0,0,9,0,Sardegna,ITG2
2021-01-07,PF/BT,OSPEDALE CIVILE OZIERI,SAR,30-39,9,14,23,0,0,0,23,0,Sardegna,ITG2
2021-01-07,PF/BT,OSPEDALE CIVILE OZIERI,SAR,40-49,8,17,18,7,0,0,25,0,Sardegna,ITG2
2021-01-07,PF/BT,OSPEDALE CIVILE OZIERI,SAR,50-59,5,25,26,4,0,0,30,0,Sardegna,ITG2
2021-01-07,PF/BT,OSPEDALE CIVILE OZIERI,SAR,60-69,9,6,13,2,0,0,15,0,Sardegna,ITG2
2021-01-07,PF/BT,P.O.  GIOVANNI PAOLO II  OLBIA,SAR,20-29,4,9,13,0,0,0,13,0,Sardegna,ITG2
2021-01-07,PF/BT,P.O.  GIOVANNI PAOLO II  OLBIA,SAR,30-39,20,40,60,0,0,0,60,0,Sardegna,ITG2
2021-01-07,PF/BT,P.O.  GIOVANNI PAOLO II  OLBIA,SAR,40-49,24,42,66,0,0,0,66,0,Sardegna,ITG2
2021-01-07,PF/BT,P.O.  GIOVANNI PAOLO II  OLBIA,SAR,50-59,23,59,82,0,0,0,82,0,Sardegna,ITG2
2021-01-07,PF/BT,P.O.  GIOVANNI PAOLO II  OLBIA,SAR,60-69,14,17,31,0,0,0,31,0,Sardegna,ITG2
2021-01-07,PF/BT,P.O.  SAN FRANCESCO,SAR,20-29,1,8,9,0,0,0,9,0,Sardegna,ITG2
2021-01-07,PF/BT,P.O.  SAN FRANCESCO,SAR,30-39,3,18,21,0,0,0,21,0,Sardegna,ITG2
2021-01-07,PF/BT,P.O.  SAN FRANCESCO,SAR,40-49,6,13,19,0,0,0,19,0,Sardegna,ITG2
2021-01-07,PF/BT,P.O.  SAN FRANCESCO,SAR,50-59,4,7,11,0,0,0,11,0,Sardegna,ITG2
2021-01-07,PF/BT,P.O.  SAN FRANCESCO,SAR,60-69,1,5,6,0,0,0,6,0,Sardegna,ITG2
2021-01-07,PF/BT,P.O. MARINO CAGLIARI,SAR,20-29,3,4,6,1,0,0,7,0,Sardegna,ITG2
2021-01-07,PF/BT,P.O. MARINO CAGLIARI,SAR,30-39,6,5,8,3,0,0,11,0,Sardegna,ITG2
2021-01-07,PF/BT,P.O. MARINO CAGLIARI,SAR,40-49,9,13,17,5,0,0,22,0,Sardegna,ITG2
2021-01-07,PF/BT,P.O. MARINO CAGLIARI,SAR,50-59,9,22,22,9,0,0,31,0,Sardegna,ITG2
2021-01-07,PF/BT,P.O. MARINO CAGLIARI,SAR,60-69,8,5,9,4,0,0,13,0,Sardegna,ITG2
2021-01-07,PF/BT,P.O. NOSTRA SIGNORA DELLA MERCEDE,SAR,20-29,5,10,15,0,0,0,15,0,Sardegna,ITG2
2021-01-07,PF/BT,P.O. NOSTRA SIGNORA DELLA MERCEDE,SAR,30-39,7,25,32,0,0,0,32,0,Sardegna,ITG2
2021-01-07,PF/BT,P.O. NOSTRA SIGNORA DELLA MERCEDE,SAR,40-49,8,21,29,0,0,0,29,0,Sardegna,ITG2
2021-01-07,PF/BT,P.O. NOSTRA SIGNORA DELLA MERCEDE,SAR,50-59,11,41,52,0,0,0,52,0,Sardegna,ITG2
2021-01-07,PF/BT,P.O. NOSTRA SIGNORA DELLA MERCEDE,SAR,60-69,13,18,31,0,0,0,31,0,Sardegna,ITG2
2021-01-07,PF/BT,P.O. NOSTRA SIGNORA DELLA MERCEDE,SAR,70-79,1,1,2,0,0,0,2,0,Sardegna,ITG2
2021-01-07,PF/BT,P.O. PAOLO MERLO LA MADDALENA,SAR,20-29,1,0,1,0,0,0,1,0,Sardegna,ITG2
2021-01-07,PF/BT,P.O. PAOLO MERLO LA MADDALENA,SAR,40-49,1,2,3,0,0,0,3,0,Sardegna,ITG2
2021-01-07,PF/BT,P.O. PAOLO MERLO LA MADDALENA,SAR,50-59,3,1,3,1,0,0,4,0,Sardegna,ITG2
2021-01-07,PF/BT,P.O. PAOLO MERLO LA MADDALENA,SAR,60-69,1,2,3,0,0,0,3,0,Sardegna,ITG2
2021-01-07,PF/BT,P.O. R.BINAGHI CAGLIARI,SAR,20-29,16,37,47,6,0,0,53,0,Sardegna,ITG2
2021-01-07,PF/BT,P.O. R.BINAGHI CAGLIARI,SAR,30-39,23,39,50,12,0,0,62,0,Sardegna,ITG2
2021-01-07,PF/BT,P.O. R.BINAGHI CAGLIARI,SAR,40-49,16,45,48,13,0,0,61,0,Sardegna,ITG2
2021-01-07,PF/BT,P.O. R.BINAGHI CAGLIARI,SAR,50-59,29,54,61,22,0,0,83,0,Sardegna,ITG2
2021-01-07,PF/BT,P.O. R.BINAGHI CAGLIARI,SAR,60-69,16,18,22,12,0,0,34,0,Sardegna,ITG2
2021-01-07,PF/BT,P.O. R.BINAGHI CAGLIARI,SAR,70-79,1,0,1,0,0,0,1,0,Sardegna,ITG2
2021-01-07,PF/BT,P.O. SAN MARCELLINO MURAVERA,SAR,20-29,0,1,1,0,0,0,1,0,Sardegna,ITG2
2021-01-07,PF/BT,P.O. SAN MARCELLINO MURAVERA,SAR,30-39,3,3,6,0,0,0,6,0,Sardegna,ITG2
2021-01-07,PF/BT,P.O. SAN MARCELLINO MURAVERA,SAR,40-49,1,4,3,2,0,0,5,0,Sardegna,ITG2
2021-01-07,PF/BT,P.O. SAN MARCELLINO MURAVERA,SAR,50-59,4,6,7,3,0,0,10,0,Sardegna,ITG2
2021-01-07,PF/BT,P.O. SAN MARCELLINO MURAVERA,SAR,60-69,4,4,7,1,0,0,8,0,Sardegna,ITG2
2021-01-07,PF/BT,P.O. SAN MARTINO ORISTANO,SAR,20-29,0,5,5,0,0,0,5,0,Sardegna,ITG2
2021-01-07,PF/BT,P.O. SAN MARTINO ORISTANO,SAR,30-39,1,0,1,0,0,0,1,0,Sardegna,ITG2
2021-01-07,PF/BT,P.O. SAN MARTINO ORISTANO,SAR,40-49,0,2,2,0,0,0,2,0,Sardegna,ITG2
2021-01-07,PF/BT,P.O. SAN MARTINO ORISTANO,SAR,50-59,0,6,6,0,0,0,6,0,Sardegna,ITG2
2021-01-07,PF/BT,P.O. SAN MARTINO ORISTANO,SAR,60-69,3,1,3,0,0,1,4,0,Sardegna,ITG2
2021-01-07,PF/BT,P.O. SAN MICHELE - AOB,SAR,20-29,10,14,24,0,0,0,24,0,Sardegna,ITG2
2021-01-07,PF/BT,P.O. SAN MICHELE - AOB,SAR,30-39,35,44,79,0,0,0,79,0,Sardegna,ITG2
2021-01-07,PF/BT,P.O. SAN MICHELE - AOB,SAR,40-49,20,42,62,0,0,0,62,0,Sardegna,ITG2
2021-01-07,PF/BT,P.O. SAN MICHELE - AOB,SAR,50-59,38,63,101,0,0,0,101,0,Sardegna,ITG2
2021-01-07,PF/BT,P.O. SAN MICHELE - AOB,SAR,60-69,18,29,47,0,0,0,47,0,Sardegna,ITG2
2021-01-07,PF/BT,P.O. SS. TRINITA` CAGLIARI,SAR,20-29,4,7,11,0,0,0,11,0,Sardegna,ITG2
2021-01-07,PF/BT,P.O. SS. TRINITA` CAGLIARI,SAR,30-39,8,12,18,2,0,0,20,0,Sardegna,ITG2
2021-01-07,PF/BT,P.O. SS. TRINITA` CAGLIARI,SAR,40-49,9,19,23,5,0,0,28,0,Sardegna,ITG2
2021-01-07,PF/BT,P.O. SS. TRINITA` CAGLIARI,SAR,50-59,12,34,38,8,0,0,46,0,Sardegna,ITG2
2021-01-07,PF/BT,P.O. SS. TRINITA` CAGLIARI,SAR,60-69,12,9,18,3,0,0,21,0,Sardegna,ITG2
2021-01-07,PF/BT,P.O.CTO,SAR,20-29,2,3,4,1,0,0,5,0,Sardegna,ITG2
2021-01-07,PF/BT,P.O.CTO,SAR,30-39,1,2,2,1,0,0,3,0,Sardegna,ITG2
2021-01-07,PF/BT,P.O.CTO,SAR,40-49,1,5,6,0,0,0,6,0,Sardegna,ITG2
2021-01-07,PF/BT,P.O.CTO,SAR,50-59,8,13,20,1,0,0,21,0,Sardegna,ITG2
2021-01-07,PF/BT,P.O.CTO,SAR,60-69,5,8,13,0,0,0,13,0,Sardegna,ITG2
2021-01-07,PF/BT,PRESIDIO OSPEDALIERO N.S. DI BONARIA,SAR,20-29,1,3,4,0,0,0,4,0,Sardegna,ITG2
2021-01-07,PF/BT,PRESIDIO OSPEDALIERO N.S. DI BONARIA,SAR,30-39,1,14,15,0,0,0,15,0,Sardegna,ITG2
2021-01-07,PF/BT,PRESIDIO OSPEDALIERO N.S. DI BONARIA,SAR,40-49,7,13,20,0,0,0,20,0,Sardegna,ITG2
2021-01-07,PF/BT,PRESIDIO OSPEDALIERO N.S. DI BONARIA,SAR,50-59,13,29,42,0,0,0,42,0,Sardegna,ITG2
2021-01-07,PF/BT,PRESIDIO OSPEDALIERO N.S. DI BONARIA,SAR,60-69,11,4,15,0,0,0,15,0,Sardegna,ITG2
2021-01-07,PF/BT,SISP-SASSARI COVID,SAR,20-29,2,4,5,1,0,0,6,0,Sardegna,ITG2
2021-01-07,PF/BT,SISP-SASSARI COVID,SAR,30-39,6,15,15,6,0,0,21,0,Sardegna,ITG2
2021-01-07,PF/BT,SISP-SASSARI COVID,SAR,40-49,8,18,22,3,0,1,26,0,Sardegna,ITG2
2021-01-07,PF/BT,SISP-SASSARI COVID,SAR,50-59,18,33,41,8,0,2,51,0,Sardegna,ITG2
2021-01-07,PF/BT,SISP-SASSARI COVID,SAR,60-69,24,16,36,3,0,1,40,0,Sardegna,ITG2
2021-01-08,PF/BT, P.O. GIOVANNI PAOLO II - OLBIA,SAR,20-29,1,1,2,0,0,0,2,0,Sardegna,ITG2
2021-01-08,PF/BT, P.O. GIOVANNI PAOLO II - OLBIA,SAR,30-39,3,7,10,0,0,0,10,0,Sardegna,ITG2
2021-01-08,PF/BT, P.O. GIOVANNI PAOLO II - OLBIA,SAR,40-49,1,2,3,0,0,0,3,0,Sardegna,ITG2
2021-01-08,PF/BT, P.O. GIOVANNI PAOLO II - OLBIA,SAR,50-59,5,7,12,0,0,0,12,0,Sardegna,ITG2
2021-01-08,PF/BT, P.O. GIOVANNI PAOLO II - OLBIA,SAR,60-69,2,1,3,0,0,0,3,0,Sardegna,ITG2
2021-01-08,PF/BT,AOU DI SASSARI,SAR,20-29,17,30,43,0,0,4,47,0,Sardegna,ITG2
2021-01-08,PF/BT,AOU DI SASSARI,SAR,30-39,50,100,138,0,0,12,150,0,Sardegna,ITG2
2021-01-08,PF/BT,AOU DI SASSARI,SAR,40-49,46,82,112,0,0,16,128,0,Sardegna,ITG2
2021-01-08,PF/BT,AOU DI SASSARI,SAR,50-59,58,121,151,0,0,28,179,0,Sardegna,ITG2
2021-01-08,PF/BT,AOU DI SASSARI,SAR,60-69,34,49,72,0,0,11,83,0,Sardegna,ITG2
2021-01-08,PF/BT,AOU DI SASSARI,SAR,80-89,0,1,0,0,0,1,1,0,Sardegna,ITG2
2021-01-08,PF/BT,AOU DI SASSARI,SAR,90+,0,1,1,0,0,0,1,0,Sardegna,ITG2
2021-01-08,PF/BT,OSPEDALE BUSINCO,SAR,20-29,0,4,4,0,0,0,4,0,Sardegna,ITG2
2021-01-08,PF/BT,OSPEDALE BUSINCO,SAR,30-39,5,9,14,0,0,0,14,0,Sardegna,ITG2
2021-01-08,PF/BT,OSPEDALE BUSINCO,SAR,40-49,6,24,30,0,0,0,30,0,Sardegna,ITG2
2021-01-08,PF/BT,OSPEDALE BUSINCO,SAR,50-59,13,40,53,0,0,0,53,0,Sardegna,ITG2
2021-01-08,PF/BT,OSPEDALE BUSINCO,SAR,60-69,11,14,25,0,0,0,25,0,Sardegna,ITG2
2021-01-08,PF/BT,OSPEDALE CIVILE OZIERI,SAR,20-29,3,11,14,0,0,0,14,0,Sardegna,ITG2
2021-01-08,PF/BT,OSPEDALE CIVILE OZIERI,SAR,30-39,4,11,15,0,0,0,15,0,Sardegna,ITG2
2021-01-08,PF/BT,OSPEDALE CIVILE OZIERI,SAR,40-49,6,24,30,0,0,0,30,0,Sardegna,ITG2
2021-01-08,PF/BT,OSPEDALE CIVILE OZIERI,SAR,50-59,6,40,43,3,0,0,46,0,Sardegna,ITG2
2021-01-08,PF/BT,OSPEDALE CIVILE OZIERI,SAR,60-69,5,10,13,2,0,0,15,0,Sardegna,ITG2
2021-01-08,PF/BT,P.O. MARINO CAGLIARI,SAR,20-29,8,12,17,0,0,3,20,0,Sardegna,ITG2
2021-01-08,PF/BT,P.O. MARINO CAGLIARI,SAR,30-39,19,11,20,5,0,5,30,0,Sardegna,ITG2
2021-01-08,PF/BT,P.O. MARINO CAGLIARI,SAR,40-49,16,21,20,6,0,11,37,0,Sardegna,ITG2
2021-01-08,PF/BT,P.O. MARINO CAGLIARI,SAR,50-59,22,16,25,10,0,3,38,0,Sardegna,ITG2
2021-01-08,PF/BT,P.O. MARINO CAGLIARI,SAR,60-69,11,13,16,7,0,1,24,0,Sardegna,ITG2
2021-01-08,PF/BT,P.O. MARINO CAGLIARI,SAR,70-79,5,2,6,1,0,0,7,0,Sardegna,ITG2
2021-01-08,PF/BT,P.O. NOSTRA SIGNORA DELLA MERCEDE,SAR,20-29,5,13,14,4,0,0,18,0,Sardegna,ITG2
2021-01-08,PF/BT,P.O. NOSTRA SIGNORA DELLA MERCEDE,SAR,30-39,12,29,36,5,0,0,41,0,Sardegna,ITG2
2021-01-08,PF/BT,P.O. NOSTRA SIGNORA DELLA MERCEDE,SAR,40-49,12,31,38,5,0,0,43,0,Sardegna,ITG2
2021-01-08,PF/BT,P.O. NOSTRA SIGNORA DELLA MERCEDE,SAR,50-59,21,45,60,4,0,2,66,0,Sardegna,ITG2
2021-01-08,PF/BT,P.O. NOSTRA SIGNORA DELLA MERCEDE,SAR,60-69,27,19,43,3,0,0,46,0,Sardegna,ITG2
2021-01-08,PF/BT,P.O. R.BINAGHI CAGLIARI,SAR,20-29,18,31,40,9,0,0,49,0,Sardegna,ITG2
2021-01-08,PF/BT,P.O. R.BINAGHI CAGLIARI,SAR,30-39,34,51,71,14,0,0,85,0,Sardegna,ITG2
2021-01-08,PF/BT,P.O. R.BINAGHI CAGLIARI,SAR,40-49,28,97,95,30,0,0,125,0,Sardegna,ITG2
2021-01-08,PF/BT,P.O. R.BINAGHI CAGLIARI,SAR,50-59,68,108,143,32,0,1,176,0,Sardegna,ITG2
2021-01-08,PF/BT,P.O. R.BINAGHI CAGLIARI,SAR,60-69,33,27,49,11,0,0,60,0,Sardegna,ITG2
2021-01-08,PF/BT,P.O. R.BINAGHI CAGLIARI,SAR,70-79,14,1,12,3,0,0,15,0,Sardegna,ITG2
2021-01-08,PF/BT,P.O. SAN FRANCESCO - AMBULATORIO NUORO,SAR,20-29,7,17,24,0,0,0,24,0,Sardegna,ITG2
2021-01-08,PF/BT,P.O. SAN FRANCESCO - AMBULATORIO NUORO,SAR,30-39,10,32,41,1,0,0,42,0,Sardegna,ITG2
2021-01-08,PF/BT,P.O. SAN FRANCESCO - AMBULATORIO NUORO,SAR,40-49,17,26,42,1,0,0,43,0,Sardegna,ITG2
2021-01-08,PF/BT,P.O. SAN FRANCESCO - AMBULATORIO NUORO,SAR,50-59,27,60,84,3,0,0,87,0,Sardegna,ITG2
2021-01-08,PF/BT,P.O. SAN FRANCESCO - AMBULATORIO NUORO,SAR,60-69,12,14,23,3,0,0,26,0,Sardegna,ITG2
2021-01-08,PF/BT,P.O. SAN MARCELLINO MURAVERA,SAR,30-39,2,1,3,0,0,0,3,0,Sardegna,ITG2
2021-01-08,PF/BT,P.O. SAN MARCELLINO MURAVERA,SAR,40-49,3,4,6,1,0,0,7,0,Sardegna,ITG2
2021-01-08,PF/BT,P.O. SAN MARCELLINO MURAVERA,SAR,50-59,10,16,22,4,0,0,26,0,Sardegna,ITG2
2021-01-08,PF/BT,P.O. SAN MARCELLINO MURAVERA,SAR,60-69,7,5,10,2,0,0,12,0,Sardegna,ITG2
2021-01-08,PF/BT,P.O. SAN MARTINO ORISTANO,SAR,20-29,11,4,15,0,0,0,15,0,Sardegna,ITG2
2021-01-08,PF/BT,P.O. SAN MARTINO ORISTANO,SAR,30-39,15,6,21,0,0,0,21,0,Sardegna,ITG2
2021-01-08,PF/BT,P.O. SAN MARTINO ORISTANO,SAR,40-49,17,11,28,0,0,0,28,0,Sardegna,ITG2
2021-01-08,PF/BT,P.O. SAN MARTINO ORISTANO,SAR,50-59,24,16,40,0,0,0,40,0,Sardegna,ITG2
2021-01-08,PF/BT,P.O. SAN MARTINO ORISTANO,SAR,60-69,3,7,10,0,0,0,10,0,Sardegna,ITG2
2021-01-08,PF/BT,P.O. SAN MICHELE - AOB,SAR,20-29,13,27,39,1,0,0,40,0,Sardegna,ITG2
2021-01-08,PF/BT,P.O. SAN MICHELE - AOB,SAR,30-39,25,30,54,1,0,0,55,0,Sardegna,ITG2
2021-01-08,PF/BT,P.O. SAN MICHELE - AOB,SAR,40-49,20,49,63,6,0,0,69,0,Sardegna,ITG2
2021-01-08,PF/BT,P.O. SAN MICHELE - AOB,SAR,50-59,31,59,86,4,0,0,90,0,Sardegna,ITG2
2021-01-08,PF/BT,P.O. SAN MICHELE - AOB,SAR,60-69,19,31,48,2,0,0,50,0,Sardegna,ITG2
2021-01-08,PF/BT,P.O. SS. TRINITA` CAGLIARI,SAR,20-29,6,19,25,0,0,0,25,0,Sardegna,ITG2
2021-01-08,PF/BT,P.O. SS. TRINITA` CAGLIARI,SAR,30-39,10,27,33,4,0,0,37,0,Sardegna,ITG2
2021-01-08,PF/BT,P.O. SS. TRINITA` CAGLIARI,SAR,40-49,18,27,41,4,0,0,45,0,Sardegna,ITG2
2021-01-08,PF/BT,P.O. SS. TRINITA` CAGLIARI,SAR,50-59,28,49,70,7,0,0,77,0,Sardegna,ITG2
2021-01-08,PF/BT,P.O. SS. TRINITA` CAGLIARI,SAR,60-69,24,26,42,8,0,0,50,0,Sardegna,ITG2
2021-01-08,PF/BT,POLICLINICO MONSERRATO-AOU CAGLIARI,SAR,16-19,1,0,1,0,0,0,1,0,Sardegna,ITG2
2021-01-08,PF/BT,POLICLINICO MONSERRATO-AOU CAGLIARI,SAR,20-29,1,15,16,0,0,0,16,0,Sardegna,ITG2
2021-01-08,PF/BT,POLICLINICO MONSERRATO-AOU CAGLIARI,SAR,30-39,18,38,56,0,0,0,56,0,Sardegna,ITG2
2021-01-08,PF/BT,POLICLINICO MONSERRATO-AOU CAGLIARI,SAR,40-49,30,52,82,0,0,0,82,0,Sardegna,ITG2
2021-01-08,PF/BT,POLICLINICO MONSERRATO-AOU CAGLIARI,SAR,50-59,42,89,131,0,0,0,131,0,Sardegna,ITG2
2021-01-08,PF/BT,POLICLINICO MONSERRATO-AOU CAGLIARI,SAR,60-69,30,31,61,0,0,0,61,0,Sardegna,ITG2
2021-01-08,PF/BT,POLICLINICO MONSERRATO-AOU CAGLIARI,SAR,70-79,1,0,1,0,0,0,1,0,Sardegna,ITG2
2021-01-08,PF/BT,PRESIDIO OSPEDALIERO N.S. DI BONARIA,SAR,20-29,0,1,1,0,0,0,1,0,Sardegna,ITG2
2021-01-08,PF/BT,PRESIDIO OSPEDALIERO N.S. DI BONARIA,SAR,30-39,1,7,8,0,0,0,8,0,Sardegna,ITG2
2021-01-08,PF/BT,PRESIDIO OSPEDALIERO N.S. DI BONARIA,SAR,40-49,1,8,9,0,0,0,9,0,Sardegna,ITG2
2021-01-08,PF/BT,PRESIDIO OSPEDALIERO N.S. DI BONARIA,SAR,50-59,6,3,9,0,0,0,9,0,Sardegna,ITG2
2021-01-08,PF/BT,PRESIDIO OSPEDALIERO N.S. DI BONARIA,SAR,60-69,2,1,3,0,0,0,3,0,Sardegna,ITG2
2021-01-08,PF/BT,SISP-SASSARI COVID,SAR,20-29,6,14,18,2,0,0,20,0,Sardegna,ITG2
2021-01-08,PF/BT,SISP-SASSARI COVID,SAR,30-39,15,14,22,7,0,0,29,0,Sardegna,ITG2
2021-01-08,PF/BT,SISP-SASSARI COVID,SAR,40-49,11,20,25,6,0,0,31,0,Sardegna,ITG2
2021-01-08,PF/BT,SISP-SASSARI COVID,SAR,50-59,24,38,53,7,0,2,62,0,Sardegna,ITG2
2021-01-08,PF/BT,SISP-SASSARI COVID,SAR,60-69,28,26,50,3,0,1,54,0,Sardegna,ITG2
2021-01-08,PF/BT,SISP-SASSARI COVID,SAR,70-79,1,0,1,0,0,0,1,0,Sardegna,ITG2
2021-01-09,PF/BT,AMBULATORI PO LANUSEI,SAR,20-29,11,18,22,7,0,0,29,0,Sardegna,ITG2
2021-01-09,PF/BT,AMBULATORI PO LANUSEI,SAR,30-39,13,25,25,12,0,1,38,0,Sardegna,ITG2
2021-01-09,PF/BT,AMBULATORI PO LANUSEI,SAR,40-49,14,45,35,21,0,3,59,0,Sardegna,ITG2
2021-01-09,PF/BT,AMBULATORI PO LANUSEI,SAR,50-59,27,50,47,28,0,2,77,0,Sardegna,ITG2
2021-01-09,PF/BT,AMBULATORI PO LANUSEI,SAR,60-69,14,21,16,17,0,2,35,0,Sardegna,ITG2
2021-01-09,PF/BT,AMBULATORI PO LANUSEI,SAR,70-79,3,0,3,0,0,0,3,0,Sardegna,ITG2
2021-01-09,PF/BT,AMBULATORI PO LANUSEI,SAR,80-89,1,0,0,1,0,0,1,0,Sardegna,ITG2
2021-01-09,PF/BT,AMBULATORIO SPECIALISTICO P.O. - OLBIA,SAR,20-29,4,6,10,0,0,0,10,0,Sardegna,ITG2
2021-01-09,PF/BT,AMBULATORIO SPECIALISTICO P.O. - OLBIA,SAR,30-39,10,20,28,0,0,2,30,0,Sardegna,ITG2
2021-01-09,PF/BT,AMBULATORIO SPECIALISTICO P.O. - OLBIA,SAR,40-49,14,34,46,0,0,2,48,0,Sardegna,ITG2
2021-01-09,PF/BT,AMBULATORIO SPECIALISTICO P.O. - OLBIA,SAR,50-59,27,39,64,0,0,2,66,0,Sardegna,ITG2
2021-01-09,PF/BT,AMBULATORIO SPECIALISTICO P.O. - OLBIA,SAR,60-69,41,33,72,0,0,2,74,0,Sardegna,ITG2
2021-01-09,PF/BT,AMBULATORIO SPECIALISTICO P.O. PAOLO DETTORI - TEMPIO,SAR,20-29,1,2,3,0,0,0,3,0,Sardegna,ITG2
2021-01-09,PF/BT,AMBULATORIO SPECIALISTICO P.O. PAOLO DETTORI - TEMPIO,SAR,30-39,1,11,12,0,0,0,12,0,Sardegna,ITG2
2021-01-09,PF/BT,AMBULATORIO SPECIALISTICO P.O. PAOLO DETTORI - TEMPIO,SAR,40-49,4,11,15,0,0,0,15,0,Sardegna,ITG2
2021-01-09,PF/BT,AMBULATORIO SPECIALISTICO P.O. PAOLO DETTORI - TEMPIO,SAR,50-59,7,12,15,0,0,4,19,0,Sardegna,ITG2
2021-01-09,PF/BT,AMBULATORIO SPECIALISTICO P.O. PAOLO DETTORI - TEMPIO,SAR,60-69,5,6,7,0,0,4,11,0,Sardegna,ITG2
2021-01-09,PF/BT,AOU DI SASSARI,SAR,20-29,5,15,18,1,0,1,20,0,Sardegna,ITG2
2021-01-09,PF/BT,AOU DI SASSARI,SAR,30-39,21,50,57,1,0,13,71,0,Sardegna,ITG2
2021-01-09,PF/BT,AOU DI SASSARI,SAR,40-49,45,102,95,2,0,50,147,0,Sardegna,ITG2
2021-01-09,PF/BT,AOU DI SASSARI,SAR,50-59,55,136,152,3,0,36,191,0,Sardegna,ITG2
2021-01-09,PF/BT,AOU DI SASSARI,SAR,60-69,30,54,63,3,0,18,84,0,Sardegna,ITG2
2021-01-09,PF/BT,AOU DI SASSARI,SAR,70-79,0,1,0,0,0,1,1,0,Sardegna,ITG2
2021-01-09,PF/BT,AOU DI SASSARI,SAR,90+,0,1,1,0,0,0,1,0,Sardegna,ITG2
2021-01-09,PF/BT,OSPEDALE BUSINCO,SAR,20-29,4,10,14,0,0,0,14,0,Sardegna,ITG2
2021-01-09,PF/BT,OSPEDALE BUSINCO,SAR,30-39,5,18,22,1,0,0,23,0,Sardegna,ITG2
2021-01-09,PF/BT,OSPEDALE BUSINCO,SAR,40-49,4,23,26,1,0,0,27,0,Sardegna,ITG2
2021-01-09,PF/BT,OSPEDALE BUSINCO,SAR,50-59,6,34,39,1,0,0,40,0,Sardegna,ITG2
2021-01-09,PF/BT,OSPEDALE BUSINCO,SAR,60-69,7,9,15,1,0,0,16,0,Sardegna,ITG2
2021-01-09,PF/BT,OSPEDALE CIVILE ALGHERO,SAR,16-19,0,1,0,1,0,0,1,0,Sardegna,ITG2
2021-01-09,PF/BT,OSPEDALE CIVILE ALGHERO,SAR,20-29,8,16,21,3,0,0,24,0,Sardegna,ITG2
2021-01-09,PF/BT,OSPEDALE CIVILE ALGHERO,SAR,30-39,27,48,55,20,0,0,75,0,Sardegna,ITG2
2021-01-09,PF/BT,OSPEDALE CIVILE ALGHERO,SAR,40-49,34,81,85,30,0,0,115,0,Sardegna,ITG2
2021-01-09,PF/BT,OSPEDALE CIVILE ALGHERO,SAR,50-59,55,111,117,49,0,0,166,0,Sardegna,ITG2
2021-01-09,PF/BT,OSPEDALE CIVILE ALGHERO,SAR,60-69,57,56,94,19,0,0,113,0,Sardegna,ITG2
2021-01-09,PF/BT,OSPEDALE CIVILE ALGHERO,SAR,70-79,2,1,3,0,0,0,3,0,Sardegna,ITG2
2021-01-09,PF/BT,OSPEDALE CIVILE ALGHERO,SAR,80-89,0,1,0,1,0,0,1,0,Sardegna,ITG2
2021-01-09,PF/BT,OSPEDALE CIVILE OZIERI,SAR,20-29,11,14,16,9,0,0,25,0,Sardegna,ITG2
2021-01-09,PF/BT,OSPEDALE CIVILE OZIERI,SAR,30-39,20,31,24,27,0,0,51,0,Sardegna,ITG2
2021-01-09,PF/BT,OSPEDALE CIVILE OZIERI,SAR,40-49,20,48,32,36,0,0,68,0,Sardegna,ITG2
2021-01-09,PF/BT,OSPEDALE CIVILE OZIERI,SAR,50-59,47,105,83,69,0,0,152,0,Sardegna,ITG2
2021-01-09,PF/BT,OSPEDALE CIVILE OZIERI,SAR,60-69,49,54,73,30,0,0,103,0,Sardegna,ITG2
2021-01-09,PF/BT,OSPEDALE CIVILE OZIERI,SAR,80-89,1,0,0,1,0,0,1,0,Sardegna,ITG2
2021-01-09,PF/BT,P.O.  SAN FRANCESCO,SAR,20-29,5,26,28,3,0,0,31,0,Sardegna,ITG2
2021-01-09,PF/BT,P.O.  SAN FRANCESCO,SAR,30-39,12,33,43,2,0,0,45,0,Sardegna,ITG2
2021-01-09,PF/BT,P.O.  SAN FRANCESCO,SAR,40-49,23,46,65,4,0,0,69,0,Sardegna,ITG2
2021-01-09,PF/BT,P.O.  SAN FRANCESCO,SAR,50-59,20,55,72,3,0,0,75,0,Sardegna,ITG2
2021-01-09,PF/BT,P.O.  SAN FRANCESCO,SAR,60-69,12,20,29,3,0,0,32,0,Sardegna,ITG2
2021-01-09,PF/BT,P.O. DELOGU GHILARZA,SAR,20-29,0,6,6,0,0,0,6,0,Sardegna,ITG2
2021-01-09,PF/BT,P.O. DELOGU GHILARZA,SAR,30-39,2,3,4,1,0,0,5,0,Sardegna,ITG2
2021-01-09,PF/BT,P.O. DELOGU GHILARZA,SAR,40-49,3,9,11,1,0,0,12,0,Sardegna,ITG2
2021-01-09,PF/BT,P.O. DELOGU GHILARZA,SAR,50-59,5,14,18,1,0,0,19,0,Sardegna,ITG2
2021-01-09,PF/BT,P.O. DELOGU GHILARZA,SAR,60-69,3,3,6,0,0,0,6,0,Sardegna,ITG2
2021-01-09,PF/BT,P.O. MARINO CAGLIARI,SAR,16-19,1,0,1,0,0,0,1,0,Sardegna,ITG2
2021-01-09,PF/BT,P.O. MARINO CAGLIARI,SAR,20-29,13,7,16,4,0,0,20,0,Sardegna,ITG2
2021-01-09,PF/BT,P.O. MARINO CAGLIARI,SAR,30-39,12,15,19,7,0,1,27,0,Sardegna,ITG2
2021-01-09,PF/BT,P.O. MARINO CAGLIARI,SAR,40-49,11,8,10,5,0,4,19,0,Sardegna,ITG2
2021-01-09,PF/BT,P.O. MARINO CAGLIARI,SAR,50-59,13,8,13,5,0,3,21,0,Sardegna,ITG2
2021-01-09,PF/BT,P.O. MARINO CAGLIARI,SAR,60-69,1,1,1,1,0,0,2,0,Sardegna,ITG2
2021-01-09,PF/BT,P.O. R.BINAGHI CAGLIARI,SAR,20-29,5,12,17,0,0,0,17,0,Sardegna,ITG2
2021-01-09,PF/BT,P.O. R.BINAGHI CAGLIARI,SAR,30-39,12,17,24,5,0,0,29,0,Sardegna,ITG2
2021-01-09,PF/BT,P.O. R.BINAGHI CAGLIARI,SAR,40-49,16,33,39,10,0,0,49,0,Sardegna,ITG2
2021-01-09,PF/BT,P.O. R.BINAGHI CAGLIARI,SAR,50-59,43,45,74,14,0,0,88,0,Sardegna,ITG2
2021-01-09,PF/BT,P.O. R.BINAGHI CAGLIARI,SAR,60-69,42,35,74,3,0,0,77,0,Sardegna,ITG2
2021-01-09,PF/BT,P.O. R.BINAGHI CAGLIARI,SAR,70-79,3,1,3,1,0,0,4,0,Sardegna,ITG2
2021-01-09,PF/BT,P.O. SAN MARCELLINO MURAVERA,SAR,20-29,0,1,1,0,0,0,1,0,Sardegna,ITG2
2021-01-09,PF/BT,P.O. SAN MARCELLINO MURAVERA,SAR,30-39,1,0,1,0,0,0,1,0,Sardegna,ITG2
2021-01-09,PF/BT,P.O. SAN MARCELLINO MURAVERA,SAR,40-49,1,2,2,1,0,0,3,0,Sardegna,ITG2
2021-01-09,PF/BT,P.O. SAN MARCELLINO MURAVERA,SAR,50-59,4,5,8,1,0,0,9,0,Sardegna,ITG2
2021-01-09,PF/BT,P.O. SAN MARCELLINO MURAVERA,SAR,60-69,2,2,4,0,0,0,4,0,Sardegna,ITG2
2021-01-09,PF/BT,P.O. SAN MARTINO ORISTANO,SAR,20-29,2,9,11,0,0,0,11,0,Sardegna,ITG2
2021-01-09,PF/BT,P.O. SAN MARTINO ORISTANO,SAR,30-39,9,15,24,0,0,0,24,0,Sardegna,ITG2
2021-01-09,PF/BT,P.O. SAN MARTINO ORISTANO,SAR,40-49,6,29,35,0,0,0,35,0,Sardegna,ITG2
2021-01-09,PF/BT,P.O. SAN MARTINO ORISTANO,SAR,50-59,12,56,68,0,0,0,68,0,Sardegna,ITG2
2021-01-09,PF/BT,P.O. SAN MARTINO ORISTANO,SAR,60-69,31,34,65,0,0,0,65,0,Sardegna,ITG2
2021-01-09,PF/BT,P.O. SAN MARTINO ORISTANO,SAR,70-79,1,0,1,0,0,0,1,0,Sardegna,ITG2
2021-01-09,PF/BT,P.O. SAN MICHELE - AOB,SAR,20-29,5,22,27,0,0,0,27,0,Sardegna,ITG2
2021-01-09,PF/BT,P.O. SAN MICHELE - AOB,SAR,30-39,20,22,41,1,0,0,42,0,Sardegna,ITG2
2021-01-09,PF/BT,P.O. SAN MICHELE - AOB,SAR,40-49,16,34,49,1,0,0,50,0,Sardegna,ITG2
2021-01-09,PF/BT,P.O. SAN MICHELE - AOB,SAR,50-59,19,45,63,1,0,0,64,0,Sardegna,ITG2
2021-01-09,PF/BT,P.O. SAN MICHELE - AOB,SAR,60-69,10,11,20,1,0,0,21,0,Sardegna,ITG2
2021-01-09,PF/BT,P.O. SS. TRINITA` CAGLIARI,SAR,20-29,1,11,10,2,0,0,12,0,Sardegna,ITG2
2021-01-09,PF/BT,P.O. SS. TRINITA` CAGLIARI,SAR,30-39,8,19,25,2,0,0,27,0,Sardegna,ITG2
2021-01-09,PF/BT,P.O. SS. TRINITA` CAGLIARI,SAR,40-49,11,13,22,2,0,0,24,0,Sardegna,ITG2
2021-01-09,PF/BT,P.O. SS. TRINITA` CAGLIARI,SAR,50-59,9,18,24,3,0,0,27,0,Sardegna,ITG2
2021-01-09,PF/BT,P.O. SS. TRINITA` CAGLIARI,SAR,60-69,5,7,8,4,0,0,12,0,Sardegna,ITG2
2021-01-09,PF/BT,P.O.SIRAI CARBONIA,SAR,20-29,2,2,4,0,0,0,4,0,Sardegna,ITG2
2021-01-09,PF/BT,P.O.SIRAI CARBONIA,SAR,30-39,4,16,20,0,0,0,20,0,Sardegna,ITG2
2021-01-09,PF/BT,P.O.SIRAI CARBONIA,SAR,40-49,9,18,27,0,0,0,27,0,Sardegna,ITG2
2021-01-09,PF/BT,P.O.SIRAI CARBONIA,SAR,50-59,10,29,39,0,0,0,39,0,Sardegna,ITG2
2021-01-09,PF/BT,P.O.SIRAI CARBONIA,SAR,60-69,8,4,12,0,0,0,12,0,Sardegna,ITG2
2021-01-09,PF/BT,POLICLINICO MONSERRATO-AOU CAGLIARI,SAR,20-29,7,13,15,5,0,0,20,0,Sardegna,ITG2
2021-01-09,PF/BT,POLICLINICO MONSERRATO-AOU CAGLIARI,SAR,30-39,31,35,45,21,0,0,66,0,Sardegna,ITG2
2021-01-09,PF/BT,POLICLINICO MONSERRATO-AOU CAGLIARI,SAR,40-49,42,62,59,45,0,0,104,0,Sardegna,ITG2
2021-01-09,PF/BT,POLICLINICO MONSERRATO-AOU CAGLIARI,SAR,50-59,41,88,85,44,0,0,129,0,Sardegna,ITG2
2021-01-09,PF/BT,POLICLINICO MONSERRATO-AOU CAGLIARI,SAR,60-69,33,32,39,26,0,0,65,0,Sardegna,ITG2
2021-01-09,PF/BT,PRESIDIO OSPEDALIERO N.S. DI BONARIA,SAR,20-29,0,7,7,0,0,0,7,0,Sardegna,ITG2
2021-01-09,PF/BT,PRESIDIO OSPEDALIERO N.S. DI BONARIA,SAR,30-39,7,12,19,0,0,0,19,0,Sardegna,ITG2
2021-01-09,PF/BT,PRESIDIO OSPEDALIERO N.S. DI BONARIA,SAR,40-49,5,21,26,0,0,0,26,0,Sardegna,ITG2
2021-01-09,PF/BT,PRESIDIO OSPEDALIERO N.S. DI BONARIA,SAR,50-59,5,10,15,0,0,0,15,0,Sardegna,ITG2
2021-01-09,PF/BT,PRESIDIO OSPEDALIERO N.S. DI BONARIA,SAR,60-69,3,2,5,0,0,0,5,0,Sardegna,ITG2
2021-01-09,PF/BT,SISP-SASSARI COVID,SAR,20-29,3,18,21,0,0,0,21,0,Sardegna,ITG2
2021-01-09,PF/BT,SISP-SASSARI COVID,SAR,30-39,17,32,43,6,0,0,49,0,Sardegna,ITG2
2021-01-09,PF/BT,SISP-SASSARI COVID,SAR,40-49,10,33,35,8,0,0,43,0,Sardegna,ITG2
2021-01-09,PF/BT,SISP-SASSARI COVID,SAR,50-59,18,39,43,14,0,0,57,0,Sardegna,ITG2
2021-01-09,PF/BT,SISP-SASSARI COVID,SAR,60-69,10,17,25,2,0,0,27,0,Sardegna,ITG2
2021-01-09,PF/BT,SISP-SASSARI COVID,SAR,70-79,1,0,1,0,0,0,1,0,Sardegna,ITG2
2021-01-10,PF/BT,AMBULATORI PO LANUSEI,SAR,20-29,3,6,5,4,0,0,9,0,Sardegna,ITG2
2021-01-10,PF/BT,AMBULATORI PO LANUSEI,SAR,30-39,6,12,14,4,0,0,18,0,Sardegna,ITG2
2021-01-10,PF/BT,AMBULATORI PO LANUSEI,SAR,40-49,14,21,30,5,0,0,35,0,Sardegna,ITG2
2021-01-10,PF/BT,AMBULATORI PO LANUSEI,SAR,50-59,14,29,33,9,0,1,43,0,Sardegna,ITG2
2021-01-10,PF/BT,AMBULATORI PO LANUSEI,SAR,60-69,4,9,11,2,0,0,13,0,Sardegna,ITG2
2021-01-10,PF/BT,AMBULATORIO SPECIALISTICO P.O. - OLBIA,SAR,16-19,0,1,1,0,0,0,1,0,Sardegna,ITG2
2021-01-10,PF/BT,AMBULATORIO SPECIALISTICO P.O. - OLBIA,SAR,20-29,22,52,73,0,0,1,74,0,Sardegna,ITG2
2021-01-10,PF/BT,AMBULATORIO SPECIALISTICO P.O. - OLBIA,SAR,30-39,29,64,93,0,0,0,93,0,Sardegna,ITG2
2021-01-10,PF/BT,AMBULATORIO SPECIALISTICO P.O. - OLBIA,SAR,40-49,20,57,75,0,0,2,77,0,Sardegna,ITG2
2021-01-10,PF/BT,AMBULATORIO SPECIALISTICO P.O. - OLBIA,SAR,50-59,16,65,78,0,0,3,81,0,Sardegna,ITG2
2021-01-10,PF/BT,AMBULATORIO SPECIALISTICO P.O. - OLBIA,SAR,60-69,26,19,44,0,0,1,45,0,Sardegna,ITG2
2021-01-10,PF/BT,AMBULATORIO SPECIALISTICO P.O. - OLBIA,SAR,70-79,2,0,2,0,0,0,2,0,Sardegna,ITG2
2021-01-10,PF/BT,AOU DI SASSARI,SAR,20-29,15,15,24,0,0,6,30,0,Sardegna,ITG2
2021-01-10,PF/BT,AOU DI SASSARI,SAR,30-39,30,29,35,1,0,23,59,0,Sardegna,ITG2
2021-01-10,PF/BT,AOU DI SASSARI,SAR,40-49,39,71,51,1,0,58,110,0,Sardegna,ITG2
2021-01-10,PF/BT,AOU DI SASSARI,SAR,50-59,36,120,85,1,0,70,156,0,Sardegna,ITG2
2021-01-10,PF/BT,AOU DI SASSARI,SAR,60-69,23,48,42,1,0,28,71,0,Sardegna,ITG2
2021-01-10,PF/BT,OSPEDALE BUSINCO,SAR,20-29,2,7,8,1,0,0,9,0,Sardegna,ITG2
2021-01-10,PF/BT,OSPEDALE BUSINCO,SAR,30-39,4,15,19,0,0,0,19,0,Sardegna,ITG2
2021-01-10,PF/BT,OSPEDALE BUSINCO,SAR,40-49,6,18,22,2,0,0,24,0,Sardegna,ITG2
2021-01-10,PF/BT,OSPEDALE BUSINCO,SAR,50-59,7,21,26,2,0,0,28,0,Sardegna,ITG2
2021-01-10,PF/BT,OSPEDALE BUSINCO,SAR,60-69,12,15,23,4,0,0,27,0,Sardegna,ITG2
2021-01-10,PF/BT,OSPEDALE CIVILE ALGHERO,SAR,16-19,1,1,2,0,0,0,2,0,Sardegna,ITG2
2021-01-10,PF/BT,OSPEDALE CIVILE ALGHERO,SAR,20-29,6,10,13,3,0,0,16,0,Sardegna,ITG2
2021-01-10,PF/BT,OSPEDALE CIVILE ALGHERO,SAR,30-39,3,14,11,6,0,0,17,0,Sardegna,ITG2
2021-01-10,PF/BT,OSPEDALE CIVILE ALGHERO,SAR,40-49,7,15,13,9,0,0,22,0,Sardegna,ITG2
2021-01-10,PF/BT,OSPEDALE CIVILE ALGHERO,SAR,50-59,10,22,20,12,0,0,32,0,Sardegna,ITG2
2021-01-10,PF/BT,OSPEDALE CIVILE ALGHERO,SAR,60-69,5,7,10,2,0,0,12,0,Sardegna,ITG2
2021-01-10,PF/BT,OSPEDALE CIVILE ALGHERO,SAR,70-79,0,1,1,0,0,0,1,0,Sardegna,ITG2
2021-01-10,PF/BT,P.O.  SAN FRANCESCO,SAR,20-29,17,12,29,0,0,0,29,0,Sardegna,ITG2
2021-01-10,PF/BT,P.O.  SAN FRANCESCO,SAR,30-39,3,26,29,0,0,0,29,0,Sardegna,ITG2
2021-01-10,PF/BT,P.O.  SAN FRANCESCO,SAR,40-49,5,33,36,2,0,0,38,0,Sardegna,ITG2
2021-01-10,PF/BT,P.O.  SAN FRANCESCO,SAR,50-59,15,41,53,3,0,0,56,0,Sardegna,ITG2
2021-01-10,PF/BT,P.O.  SAN FRANCESCO,SAR,60-69,23,29,48,4,0,0,52,0,Sardegna,ITG2
2021-01-10,PF/BT,P.O. PAOLO DETTORI - TEMPIO P.,SAR,20-29,3,1,1,0,0,3,4,0,Sardegna,ITG2
2021-01-10,PF/BT,P.O. PAOLO DETTORI - TEMPIO P.,SAR,30-39,8,8,9,0,0,7,16,0,Sardegna,ITG2
2021-01-10,PF/BT,P.O. PAOLO DETTORI - TEMPIO P.,SAR,40-49,11,23,16,0,0,18,34,0,Sardegna,ITG2
2021-01-10,PF/BT,P.O. PAOLO DETTORI - TEMPIO P.,SAR,50-59,10,48,37,0,0,21,58,0,Sardegna,ITG2
2021-01-10,PF/BT,P.O. PAOLO DETTORI - TEMPIO P.,SAR,60-69,9,22,20,0,0,11,31,0,Sardegna,ITG2
2021-01-10,PF/BT,P.O. PAOLO DETTORI - TEMPIO P.,SAR,80-89,1,0,0,0,0,1,1,0,Sardegna,ITG2
2021-01-10,PF/BT,P.O. SAN MARTINO ORISTANO,SAR,20-29,2,4,6,0,0,0,6,0,Sardegna,ITG2
2021-01-10,PF/BT,P.O. SAN MARTINO ORISTANO,SAR,30-39,7,11,18,0,0,0,18,0,Sardegna,ITG2
2021-01-10,PF/BT,P.O. SAN MARTINO ORISTANO,SAR,40-49,5,29,34,0,0,0,34,0,Sardegna,ITG2
2021-01-10,PF/BT,P.O. SAN MARTINO ORISTANO,SAR,50-59,23,38,60,0,0,1,61,0,Sardegna,ITG2
2021-01-10,PF/BT,P.O. SAN MARTINO ORISTANO,SAR,60-69,33,27,60,0,0,0,60,0,Sardegna,ITG2
2021-01-10,PF/BT,P.O. SAN MARTINO ORISTANO,SAR,70-79,0,1,1,0,0,0,1,0,Sardegna,ITG2
2021-01-10,PF/BT,P.O. SS. TRINITA` CAGLIARI,SAR,20-29,6,10,12,4,0,0,16,0,Sardegna,ITG2
2021-01-10,PF/BT,P.O. SS. TRINITA` CAGLIARI,SAR,30-39,11,24,30,5,0,0,35,0,Sardegna,ITG2
2021-01-10,PF/BT,P.O. SS. TRINITA` CAGLIARI,SAR,40-49,19,40,35,24,0,0,59,0,Sardegna,ITG2
2021-01-10,PF/BT,P.O. SS. TRINITA` CAGLIARI,SAR,50-59,19,42,51,10,0,0,61,0,Sardegna,ITG2
2021-01-10,PF/BT,P.O. SS. TRINITA` CAGLIARI,SAR,60-69,15,18,30,3,0,0,33,0,Sardegna,ITG2
2021-01-10,PF/BT,P.O.SIRAI CARBONIA,SAR,30-39,2,6,8,0,0,0,8,0,Sardegna,ITG2
2021-01-10,PF/BT,P.O.SIRAI CARBONIA,SAR,40-49,9,12,20,1,0,0,21,0,Sardegna,ITG2
2021-01-10,PF/BT,P.O.SIRAI CARBONIA,SAR,50-59,18,24,42,0,0,0,42,0,Sardegna,ITG2
2021-01-10,PF/BT,P.O.SIRAI CARBONIA,SAR,60-69,16,14,30,0,0,0,30,0,Sardegna,ITG2
2021-01-10,PF/BT,POLICLINICO MONSERRATO-AOU CAGLIARI,SAR,20-29,7,6,9,4,0,0,13,0,Sardegna,ITG2
2021-01-10,PF/BT,POLICLINICO MONSERRATO-AOU CAGLIARI,SAR,30-39,16,14,17,13,0,0,30,0,Sardegna,ITG2
2021-01-10,PF/BT,POLICLINICO MONSERRATO-AOU CAGLIARI,SAR,40-49,22,38,24,36,0,0,60,0,Sardegna,ITG2
2021-01-10,PF/BT,POLICLINICO MONSERRATO-AOU CAGLIARI,SAR,50-59,30,42,29,43,0,0,72,0,Sardegna,ITG2
2021-01-10,PF/BT,POLICLINICO MONSERRATO-AOU CAGLIARI,SAR,60-69,18,19,20,17,0,0,37,0,Sardegna,ITG2
2021-01-10,PF/BT,POLICLINICO MONSERRATO-AOU CAGLIARI,SAR,70-79,1,0,0,1,0,0,1,0,Sardegna,ITG2
2021-01-10,PF/BT,POLICLINICO MONSERRATO-AOU CAGLIARI,SAR,80-89,0,1,0,1,0,0,1,0,Sardegna,ITG2
2021-01-11,PF/BT,AMBULATORI PO LANUSEI,SAR,20-29,0,1,1,0,0,0,1,0,Sardegna,ITG2
2021-01-11,PF/BT,AMBULATORI PO LANUSEI,SAR,30-39,0,2,2,0,0,0,2,0,Sardegna,ITG2
2021-01-11,PF/BT,AMBULATORI PO LANUSEI,SAR,40-49,1,5,6,0,0,0,6,0,Sardegna,ITG2
2021-01-11,PF/BT,AMBULATORI PO LANUSEI,SAR,50-59,3,8,9,2,0,0,11,0,Sardegna,ITG2
2021-01-11,PF/BT,AMBULATORI PO LANUSEI,SAR,60-69,1,2,3,0,0,0,3,0,Sardegna,ITG2
2021-01-11,PF/BT,AZIENDA OSPEDALIERO UNIVERSITARIA DI SAS,SAR,20-29,20,13,11,0,0,22,33,0,Sardegna,ITG2
2021-01-11,PF/BT,AZIENDA OSPEDALIERO UNIVERSITARIA DI SAS,SAR,30-39,40,32,19,0,0,53,72,0,Sardegna,ITG2
2021-01-11,PF/BT,AZIENDA OSPEDALIERO UNIVERSITARIA DI SAS,SAR,40-49,75,53,17,0,0,111,128,0,Sardegna,ITG2
2021-01-11,PF/BT,AZIENDA OSPEDALIERO UNIVERSITARIA DI SAS,SAR,50-59,77,69,28,0,0,118,146,0,Sardegna,ITG2
2021-01-11,PF/BT,AZIENDA OSPEDALIERO UNIVERSITARIA DI SAS,SAR,60-69,22,23,16,0,0,29,45,0,Sardegna,ITG2
2021-01-11,PF/BT,AZIENDA OSPEDALIERO UNIVERSITARIA DI SAS,SAR,70-79,1,0,0,0,0,1,1,0,Sardegna,ITG2
2021-01-11,PF/BT,OSPEDALE BUSINCO,SAR,20-29,1,10,10,1,0,0,11,0,Sardegna,ITG2
2021-01-11,PF/BT,OSPEDALE BUSINCO,SAR,30-39,2,6,7,1,0,0,8,0,Sardegna,ITG2
2021-01-11,PF/BT,OSPEDALE BUSINCO,SAR,40-49,8,26,18,16,0,0,34,0,Sardegna,ITG2
2021-01-11,PF/BT,OSPEDALE BUSINCO,SAR,50-59,10,39,36,13,0,0,49,0,Sardegna,ITG2
2021-01-11,PF/BT,OSPEDALE BUSINCO,SAR,60-69,7,16,17,6,0,0,23,0,Sardegna,ITG2
2021-01-11,PF/BT,P.O.  GIOVANNI PAOLO II  OLBIA,SAR,20-29,5,13,18,0,0,0,18,0,Sardegna,ITG2
2021-01-11,PF/BT,P.O.  GIOVANNI PAOLO II  OLBIA,SAR,30-39,18,38,56,0,0,0,56,0,Sardegna,ITG2
2021-01-11,PF/BT,P.O.  GIOVANNI PAOLO II  OLBIA,SAR,40-49,11,38,49,0,0,0,49,0,Sardegna,ITG2
2021-01-11,PF/BT,P.O.  GIOVANNI PAOLO II  OLBIA,SAR,50-59,6,28,34,0,0,0,34,0,Sardegna,ITG2
2021-01-11,PF/BT,P.O.  GIOVANNI PAOLO II  OLBIA,SAR,60-69,3,14,17,0,0,0,17,0,Sardegna,ITG2
2021-01-11,PF/BT,P.O. PAOLO DETTORI - TEMPIO P.,SAR,20-29,0,1,0,0,0,1,1,0,Sardegna,ITG2
2021-01-11,PF/BT,P.O. PAOLO DETTORI - TEMPIO P.,SAR,30-39,1,0,0,0,0,1,1,0,Sardegna,ITG2
2021-01-11,PF/BT,P.O. PAOLO DETTORI - TEMPIO P.,SAR,40-49,0,7,3,1,0,3,7,0,Sardegna,ITG2
2021-01-11,PF/BT,P.O. PAOLO DETTORI - TEMPIO P.,SAR,50-59,3,12,5,0,0,10,15,0,Sardegna,ITG2
2021-01-11,PF/BT,P.O. PAOLO DETTORI - TEMPIO P.,SAR,60-69,7,5,8,0,0,4,12,0,Sardegna,ITG2
2021-01-11,PF/BT,P.O. SAN MICHELE - AOB,SAR,20-29,4,3,7,0,0,0,7,0,Sardegna,ITG2
2021-01-11,PF/BT,P.O. SAN MICHELE - AOB,SAR,30-39,13,16,27,2,0,0,29,0,Sardegna,ITG2
2021-01-11,PF/BT,P.O. SAN MICHELE - AOB,SAR,40-49,12,25,36,1,0,0,37,0,Sardegna,ITG2
2021-01-11,PF/BT,P.O. SAN MICHELE - AOB,SAR,50-59,26,26,46,6,0,0,52,0,Sardegna,ITG2
2021-01-11,PF/BT,P.O. SAN MICHELE - AOB,SAR,60-69,19,18,33,4,0,0,37,0,Sardegna,ITG2
2021-01-11,PF/BT,P.O. SS. TRINITA` CAGLIARI,SAR,20-29,1,5,5,1,0,0,6,0,Sardegna,ITG2
2021-01-11,PF/BT,P.O. SS. TRINITA` CAGLIARI,SAR,30-39,9,8,6,11,0,0,17,0,Sardegna,ITG2
2021-01-11,PF/BT,P.O. SS. TRINITA` CAGLIARI,SAR,40-49,30,18,23,25,0,0,48,0,Sardegna,ITG2
2021-01-11,PF/BT,P.O. SS. TRINITA` CAGLIARI,SAR,50-59,17,20,22,15,0,0,37,0,Sardegna,ITG2
2021-01-11,PF/BT,P.O. SS. TRINITA` CAGLIARI,SAR,60-69,6,6,10,2,0,0,12,0,Sardegna,ITG2
2021-01-11,PF/BT,POLICLINICO MONSERRATO-AOU CAGLIARI,SAR,16-19,0,1,0,1,0,0,1,0,Sardegna,ITG2
2021-01-11,PF/BT,POLICLINICO MONSERRATO-AOU CAGLIARI,SAR,20-29,1,3,3,1,0,0,4,0,Sardegna,ITG2
2021-01-11,PF/BT,POLICLINICO MONSERRATO-AOU CAGLIARI,SAR,30-39,7,11,12,6,0,0,18,0,Sardegna,ITG2
2021-01-11,PF/BT,POLICLINICO MONSERRATO-AOU CAGLIARI,SAR,40-49,16,20,23,13,0,0,36,0,Sardegna,ITG2
2021-01-11,PF/BT,POLICLINICO MONSERRATO-AOU CAGLIARI,SAR,50-59,12,21,27,6,0,0,33,0,Sardegna,ITG2
2021-01-11,PF/BT,POLICLINICO MONSERRATO-AOU CAGLIARI,SAR,60-69,9,13,17,5,0,0,22,0,Sardegna,ITG2
2021-01-12,PF/BT,AZIENDA OSPEDALIERO UNIVERSITARIA DI SAS,SAR,20-29,20,8,7,0,0,21,28,0,Sardegna,ITG2
2021-01-12,PF/BT,AZIENDA OSPEDALIERO UNIVERSITARIA DI SAS,SAR,30-39,40,12,8,0,0,44,52,0,Sardegna,ITG2
2021-01-12,PF/BT,AZIENDA OSPEDALIERO UNIVERSITARIA DI SAS,SAR,40-49,43,22,20,0,0,45,65,0,Sardegna,ITG2
2021-01-12,PF/BT,AZIENDA OSPEDALIERO UNIVERSITARIA DI SAS,SAR,50-59,30,36,19,0,0,47,66,0,Sardegna,ITG2
2021-01-12,PF/BT,AZIENDA OSPEDALIERO UNIVERSITARIA DI SAS,SAR,60-69,18,10,12,0,0,16,28,0,Sardegna,ITG2
2021-01-12,PF/BT,AZIENDA OSPEDALIERO UNIVERSITARIA DI SAS,SAR,70-79,1,0,0,0,0,1,1,0,Sardegna,ITG2
2021-01-12,PF/BT,OSPEDALE BUSINCO,SAR,20-29,1,5,5,1,0,0,6,0,Sardegna,ITG2
2021-01-12,PF/BT,OSPEDALE BUSINCO,SAR,30-39,3,9,11,1,0,0,12,0,Sardegna,ITG2
2021-01-12,PF/BT,OSPEDALE BUSINCO,SAR,40-49,4,20,18,6,0,0,24,0,Sardegna,ITG2
2021-01-12,PF/BT,OSPEDALE BUSINCO,SAR,50-59,15,37,46,6,0,0,52,0,Sardegna,ITG2
2021-01-12,PF/BT,OSPEDALE BUSINCO,SAR,60-69,12,14,23,3,0,0,26,0,Sardegna,ITG2
2021-01-12,PF/BT,P.O. GIOVANNI PAOLO II OLBIA,SAR,20-29,8,12,10,0,0,10,20,0,Sardegna,ITG2
2021-01-12,PF/BT,P.O. GIOVANNI PAOLO II OLBIA,SAR,30-39,20,32,34,0,0,18,52,0,Sardegna,ITG2
2021-01-12,PF/BT,P.O. GIOVANNI PAOLO II OLBIA,SAR,40-49,20,29,31,0,0,18,49,0,Sardegna,ITG2
2021-01-12,PF/BT,P.O. GIOVANNI PAOLO II OLBIA,SAR,50-59,12,25,25,0,0,12,37,0,Sardegna,ITG2
2021-01-12,PF/BT,P.O. GIOVANNI PAOLO II OLBIA,SAR,60-69,7,7,10,0,0,4,14,0,Sardegna,ITG2
2021-01-12,PF/BT,P.O. GIOVANNI PAOLO II OLBIA,SAR,70-79,2,0,2,0,0,0,2,0,Sardegna,ITG2
2021-01-12,PF/BT,P.O. PAOLO DETTORI - TEMPIO P.,SAR,30-39,0,1,1,0,0,0,1,0,Sardegna,ITG2
2021-01-12,PF/BT,P.O. PAOLO DETTORI - TEMPIO P.,SAR,50-59,2,6,8,0,0,0,8,0,Sardegna,ITG2
2021-01-12,PF/BT,P.O. PAOLO DETTORI - TEMPIO P.,SAR,60-69,2,1,3,0,0,0,3,0,Sardegna,ITG2
2021-01-12,PF/BT,P.O. SAN MARTINO ORISTANO,SAR,20-29,1,2,3,0,0,0,3,0,Sardegna,ITG2
2021-01-12,PF/BT,P.O. SAN MARTINO ORISTANO,SAR,30-39,8,7,15,0,0,0,15,0,Sardegna,ITG2
2021-01-12,PF/BT,P.O. SAN MARTINO ORISTANO,SAR,40-49,3,4,7,0,0,0,7,0,Sardegna,ITG2
2021-01-12,PF/BT,P.O. SAN MARTINO ORISTANO,SAR,50-59,2,2,4,0,0,0,4,0,Sardegna,ITG2
2021-01-12,PF/BT,P.O. SAN MARTINO ORISTANO,SAR,60-69,5,2,7,0,0,0,7,0,Sardegna,ITG2
2021-01-12,PF/BT,P.O. SAN MICHELE - AOB,SAR,20-29,1,2,3,0,0,0,3,0,Sardegna,ITG2
2021-01-12,PF/BT,P.O. SAN MICHELE - AOB,SAR,30-39,7,5,11,1,0,0,12,0,Sardegna,ITG2
2021-01-12,PF/BT,P.O. SAN MICHELE - AOB,SAR,40-49,5,5,9,1,0,0,10,0,Sardegna,ITG2
2021-01-12,PF/BT,P.O. SAN MICHELE - AOB,SAR,50-59,6,13,17,2,0,0,19,0,Sardegna,ITG2
2021-01-12,PF/BT,P.O. SAN MICHELE - AOB,SAR,60-69,11,6,13,4,0,0,17,0,Sardegna,ITG2
2021-01-12,PF/BT,P.O. SS. TRINITA` CAGLIARI,SAR,20-29,4,9,12,1,0,0,13,0,Sardegna,ITG2
2021-01-12,PF/BT,P.O. SS. TRINITA` CAGLIARI,SAR,30-39,10,8,13,5,0,0,18,0,Sardegna,ITG2
2021-01-12,PF/BT,P.O. SS. TRINITA` CAGLIARI,SAR,40-49,18,19,19,18,0,0,37,0,Sardegna,ITG2
2021-01-12,PF/BT,P.O. SS. TRINITA` CAGLIARI,SAR,50-59,12,26,25,13,0,0,38,0,Sardegna,ITG2
2021-01-12,PF/BT,P.O. SS. TRINITA` CAGLIARI,SAR,60-69,11,7,15,3,0,0,18,0,Sardegna,ITG2
2021-01-12,PF/BT,P.O. SS. TRINITA` CAGLIARI,SAR,70-79,2,0,2,0,0,0,2,0,Sardegna,ITG2
2021-01-12,PF/BT,POLICLINICO MONSERRATO-AOU CAGLIARI,SAR,20-29,6,7,13,0,0,0,13,0,Sardegna,ITG2
2021-01-12,PF/BT,POLICLINICO MONSERRATO-AOU CAGLIARI,SAR,30-39,10,15,20,5,0,0,25,0,Sardegna,ITG2
2021-01-12,PF/BT,POLICLINICO MONSERRATO-AOU CAGLIARI,SAR,40-49,6,9,12,3,0,0,15,0,Sardegna,ITG2
2021-01-12,PF/BT,POLICLINICO MONSERRATO-AOU CAGLIARI,SAR,50-59,12,16,20,8,0,0,28,0,Sardegna,ITG2
2021-01-12,PF/BT,POLICLINICO MONSERRATO-AOU CAGLIARI,SAR,60-69,7,7,7,7,0,0,14,0,Sardegna,ITG2
2021-01-12,PF/BT,POLICLINICO MONSERRATO-AOU CAGLIARI,SAR,70-79,1,0,1,0,0,0,1,0,Sardegna,ITG2
2021-01-13,PF/BT,OSPEDALE BUSINCO,SAR,20-29,1,6,6,1,0,0,7,0,Sardegna,ITG2
2021-01-13,PF/BT,OSPEDALE BUSINCO,SAR,30-39,2,13,10,5,0,0,15,0,Sardegna,ITG2
2021-01-13,PF/BT,OSPEDALE BUSINCO,SAR,40-49,2,23,19,6,0,0,25,0,Sardegna,ITG2
2021-01-13,PF/BT,OSPEDALE BUSINCO,SAR,50-59,5,25,22,8,0,0,30,0,Sardegna,ITG2
2021-01-13,PF/BT,OSPEDALE BUSINCO,SAR,60-69,7,12,15,4,0,0,19,0,Sardegna,ITG2
2021-01-13,PF/BT,P.O. R.BINAGHI CAGLIARI,SAR,20-29,4,1,2,3,0,0,5,0,Sardegna,ITG2
2021-01-13,PF/BT,P.O. R.BINAGHI CAGLIARI,SAR,30-39,11,4,6,9,0,0,15,0,Sardegna,ITG2
2021-01-13,PF/BT,P.O. R.BINAGHI CAGLIARI,SAR,40-49,4,12,11,5,0,0,16,0,Sardegna,ITG2
2021-01-13,PF/BT,P.O. R.BINAGHI CAGLIARI,SAR,50-59,6,13,12,7,0,0,19,0,Sardegna,ITG2
2021-01-13,PF/BT,P.O. R.BINAGHI CAGLIARI,SAR,60-69,2,21,20,3,0,0,23,0,Sardegna,ITG2
2021-01-13,PF/BT,P.O. SAN MARTINO ORISTANO,SAR,20-29,7,3,10,0,0,0,10,0,Sardegna,ITG2
2021-01-13,PF/BT,P.O. SAN MARTINO ORISTANO,SAR,30-39,9,4,13,0,0,0,13,0,Sardegna,ITG2
2021-01-13,PF/BT,P.O. SAN MARTINO ORISTANO,SAR,40-49,22,4,26,0,0,0,26,0,Sardegna,ITG2
2021-01-13,PF/BT,P.O. SAN MARTINO ORISTANO,SAR,50-59,43,8,51,0,0,0,51,0,Sardegna,ITG2
2021-01-13,PF/BT,P.O. SAN MARTINO ORISTANO,SAR,60-69,12,8,20,0,0,0,20,0,Sardegna,ITG2
2021-01-13,PF/BT,P.O. SAN MICHELE - AOB,SAR,20-29,8,12,20,0,0,0,20,0,Sardegna,ITG2
2021-01-13,PF/BT,P.O. SAN MICHELE - AOB,SAR,30-39,9,18,25,1,0,1,27,0,Sardegna,ITG2
2021-01-13,PF/BT,P.O. SAN MICHELE - AOB,SAR,40-49,12,25,34,2,0,1,37,0,Sardegna,ITG2
2021-01-13,PF/BT,P.O. SAN MICHELE - AOB,SAR,50-59,17,42,53,6,0,0,59,0,Sardegna,ITG2
2021-01-13,PF/BT,P.O. SAN MICHELE - AOB,SAR,60-69,12,21,28,3,0,2,33,0,Sardegna,ITG2
2021-01-13,PF/BT,P.O. SS. TRINITA` CAGLIARI,SAR,16-19,0,2,2,0,0,0,2,0,Sardegna,ITG2
2021-01-13,PF/BT,P.O. SS. TRINITA` CAGLIARI,SAR,20-29,11,9,19,1,0,0,20,0,Sardegna,ITG2
2021-01-13,PF/BT,P.O. SS. TRINITA` CAGLIARI,SAR,30-39,12,9,20,1,0,0,21,0,Sardegna,ITG2
2021-01-13,PF/BT,P.O. SS. TRINITA` CAGLIARI,SAR,40-49,9,13,14,8,0,0,22,0,Sardegna,ITG2
2021-01-13,PF/BT,P.O. SS. TRINITA` CAGLIARI,SAR,50-59,8,11,17,2,0,0,19,0,Sardegna,ITG2
2021-01-13,PF/BT,P.O. SS. TRINITA` CAGLIARI,SAR,60-69,8,9,16,1,0,0,17,0,Sardegna,ITG2
2021-01-13,PF/BT,P.O. SS. TRINITA` CAGLIARI,SAR,70-79,1,0,1,0,0,0,1,0,Sardegna,ITG2
2021-01-14,PF/BT,AZIENDA OSPEDALIERO UNIVERSITARIA DI SAS,SAR,20-29,6,4,6,0,0,4,10,0,Sardegna,ITG2
2021-01-14,PF/BT,AZIENDA OSPEDALIERO UNIVERSITARIA DI SAS,SAR,30-39,10,5,6,0,0,9,15,0,Sardegna,ITG2
2021-01-14,PF/BT,AZIENDA OSPEDALIERO UNIVERSITARIA DI SAS,SAR,40-49,15,9,5,0,0,19,24,0,Sardegna,ITG2
2021-01-14,PF/BT,AZIENDA OSPEDALIERO UNIVERSITARIA DI SAS,SAR,50-59,10,11,11,0,0,10,21,0,Sardegna,ITG2
2021-01-14,PF/BT,AZIENDA OSPEDALIERO UNIVERSITARIA DI SAS,SAR,60-69,2,4,0,0,0,6,6,0,Sardegna,ITG2
2021-01-14,PF/BT,OSPEDALE BUSINCO,SAR,30-39,4,7,5,6,0,0,11,0,Sardegna,ITG2
2021-01-14,PF/BT,OSPEDALE BUSINCO,SAR,40-49,7,19,11,15,0,0,26,0,Sardegna,ITG2
2021-01-14,PF/BT,OSPEDALE BUSINCO,SAR,50-59,12,33,29,16,0,0,45,0,Sardegna,ITG2
2021-01-14,PF/BT,OSPEDALE BUSINCO,SAR,60-69,13,12,12,13,0,0,25,0,Sardegna,ITG2
2021-01-14,PF/BT,P.O. MARINO CAGLIARI,SAR,20-29,2,1,3,0,0,0,3,0,Sardegna,ITG2
2021-01-14,PF/BT,P.O. MARINO CAGLIARI,SAR,30-39,3,9,11,1,0,0,12,0,Sardegna,ITG2
2021-01-14,PF/BT,P.O. MARINO CAGLIARI,SAR,40-49,6,13,19,0,0,0,19,0,Sardegna,ITG2
2021-01-14,PF/BT,P.O. MARINO CAGLIARI,SAR,50-59,6,4,9,1,0,0,10,0,Sardegna,ITG2
2021-01-14,PF/BT,P.O. MARINO CAGLIARI,SAR,60-69,5,4,8,1,0,0,9,0,Sardegna,ITG2
2021-01-14,PF/BT,P.O. MARINO CAGLIARI,SAR,70-79,7,0,7,0,0,0,7,0,Sardegna,ITG2
2021-01-14,PF/BT,P.O. R.BINAGHI CAGLIARI,SAR,20-29,0,2,2,0,0,0,2,0,Sardegna,ITG2
2021-01-14,PF/BT,P.O. R.BINAGHI CAGLIARI,SAR,30-39,3,5,8,0,0,0,8,0,Sardegna,ITG2
2021-01-14,PF/BT,P.O. R.BINAGHI CAGLIARI,SAR,40-49,5,14,16,3,0,0,19,0,Sardegna,ITG2
2021-01-14,PF/BT,P.O. R.BINAGHI CAGLIARI,SAR,50-59,19,34,51,2,0,0,53,0,Sardegna,ITG2
2021-01-14,PF/BT,P.O. R.BINAGHI CAGLIARI,SAR,60-69,51,51,100,2,0,0,102,0,Sardegna,ITG2
2021-01-14,PF/BT,P.O. R.BINAGHI CAGLIARI,SAR,70-79,1,1,2,0,0,0,2,0,Sardegna,ITG2
2021-01-14,PF/BT,P.O. SAN GIUSEPPE ISILI,SAR,30-39,1,0,1,0,0,0,1,0,Sardegna,ITG2
2021-01-14,PF/BT,P.O. SAN GIUSEPPE ISILI,SAR,40-49,1,6,7,0,0,0,7,0,Sardegna,ITG2
2021-01-14,PF/BT,P.O. SAN GIUSEPPE ISILI,SAR,50-59,6,13,19,0,0,0,19,0,Sardegna,ITG2
2021-01-14,PF/BT,P.O. SAN GIUSEPPE ISILI,SAR,60-69,3,6,9,0,0,0,9,0,Sardegna,ITG2
2021-01-14,PF/BT,P.O. SAN MARCELLINO MURAVERA,SAR,20-29,2,2,4,0,0,0,4,0,Sardegna,ITG2
2021-01-14,PF/BT,P.O. SAN MARCELLINO MURAVERA,SAR,30-39,2,0,2,0,0,0,2,0,Sardegna,ITG2
2021-01-14,PF/BT,P.O. SAN MARCELLINO MURAVERA,SAR,40-49,3,2,4,1,0,0,5,0,Sardegna,ITG2
2021-01-14,PF/BT,P.O. SAN MARCELLINO MURAVERA,SAR,50-59,4,13,16,1,0,0,17,0,Sardegna,ITG2
2021-01-14,PF/BT,P.O. SAN MARCELLINO MURAVERA,SAR,60-69,4,4,8,0,0,0,8,0,Sardegna,ITG2
2021-01-14,PF/BT,P.O. SAN MARTINO ORISTANO,SAR,20-29,2,3,5,0,0,0,5,0,Sardegna,ITG2
2021-01-14,PF/BT,P.O. SAN MARTINO ORISTANO,SAR,30-39,4,5,4,5,0,0,9,0,Sardegna,ITG2
2021-01-14,PF/BT,P.O. SAN MARTINO ORISTANO,SAR,40-49,11,29,20,20,0,0,40,0,Sardegna,ITG2
2021-01-14,PF/BT,P.O. SAN MARTINO ORISTANO,SAR,50-59,10,33,21,22,0,0,43,0,Sardegna,ITG2
2021-01-14,PF/BT,P.O. SAN MARTINO ORISTANO,SAR,60-69,5,12,9,8,0,0,17,0,Sardegna,ITG2
2021-01-14,PF/BT,P.O. SAN MICHELE - AOB,SAR,20-29,4,8,11,1,0,0,12,0,Sardegna,ITG2
2021-01-14,PF/BT,P.O. SAN MICHELE - AOB,SAR,30-39,19,16,27,8,0,0,35,0,Sardegna,ITG2
2021-01-14,PF/BT,P.O. SAN MICHELE - AOB,SAR,40-49,18,14,21,10,0,1,32,0,Sardegna,ITG2
2021-01-14,PF/BT,P.O. SAN MICHELE - AOB,SAR,50-59,19,37,44,12,0,0,56,0,Sardegna,ITG2
2021-01-14,PF/BT,P.O. SAN MICHELE - AOB,SAR,60-69,8,15,16,7,0,0,23,0,Sardegna,ITG2
2021-01-14,PF/BT,P.O. SS. TRINITA` CAGLIARI,SAR,20-29,0,1,1,0,0,0,1,0,Sardegna,ITG2
2021-01-14,PF/BT,P.O. SS. TRINITA` CAGLIARI,SAR,30-39,1,5,4,2,0,0,6,0,Sardegna,ITG2
2021-01-14,PF/BT,P.O. SS. TRINITA` CAGLIARI,SAR,40-49,8,11,16,3,0,0,19,0,Sardegna,ITG2
2021-01-14,PF/BT,P.O. SS. TRINITA` CAGLIARI,SAR,50-59,2,12,13,1,0,0,14,0,Sardegna,ITG2
2021-01-14,PF/BT,P.O. SS. TRINITA` CAGLIARI,SAR,60-69,2,6,6,2,0,0,8,0,Sardegna,ITG2
2021-01-14,PF/BT,POLICLINICO MONSERRATO-AOU CAGLIARI,SAR,20-29,35,31,66,0,0,0,66,0,Sardegna,ITG2
2021-01-14,PF/BT,POLICLINICO MONSERRATO-AOU CAGLIARI,SAR,30-39,29,51,79,1,0,0,80,0,Sardegna,ITG2
2021-01-14,PF/BT,POLICLINICO MONSERRATO-AOU CAGLIARI,SAR,40-49,3,2,5,0,0,0,5,0,Sardegna,ITG2
2021-01-14,PF/BT,POLICLINICO MONSERRATO-AOU CAGLIARI,SAR,50-59,0,1,1,0,0,0,1,0,Sardegna,ITG2
2021-01-14,PF/BT,POLICLINICO MONSERRATO-AOU CAGLIARI,SAR,60-69,2,0,1,1,0,0,2,0,Sardegna,ITG2
2021-01-14,PF/BT,POLICLINICO MONSERRATO-AOU CAGLIARI,SAR,70-79,1,1,2,0,0,0,2,0,Sardegna,ITG2
2021-01-14,PF/BT,PRESIDIO OSPEDALIERO N.S. DI BONARIA,SAR,20-29,1,11,12,0,0,0,12,0,Sardegna,ITG2
2021-01-14,PF/BT,PRESIDIO OSPEDALIERO N.S. DI BONARIA,SAR,30-39,7,18,25,0,0,0,25,0,Sardegna,ITG2
2021-01-14,PF/BT,PRESIDIO OSPEDALIERO N.S. DI BONARIA,SAR,40-49,1,22,23,0,0,0,23,0,Sardegna,ITG2
2021-01-14,PF/BT,PRESIDIO OSPEDALIERO N.S. DI BONARIA,SAR,50-59,11,39,49,1,0,0,50,0,Sardegna,ITG2
2021-01-14,PF/BT,PRESIDIO OSPEDALIERO N.S. DI BONARIA,SAR,60-69,6,4,9,1,0,0,10,0,Sardegna,ITG2
2021-01-15,PF/BT,OSPEDALE CIVILE OZIERI,SAR,20-29,6,5,6,5,0,0,11,0,Sardegna,ITG2
2021-01-15,PF/BT,OSPEDALE CIVILE OZIERI,SAR,30-39,2,11,7,6,0,0,13,0,Sardegna,ITG2
2021-01-15,PF/BT,OSPEDALE CIVILE OZIERI,SAR,40-49,7,24,20,11,0,0,31,0,Sardegna,ITG2
2021-01-15,PF/BT,OSPEDALE CIVILE OZIERI,SAR,50-59,11,24,21,14,0,0,35,0,Sardegna,ITG2
2021-01-15,PF/BT,OSPEDALE CIVILE OZIERI,SAR,60-69,7,11,11,7,0,0,18,0,Sardegna,ITG2
2021-01-15,PF/BT,P. OSPEDALIERO 'SAN MARTINO' - ORISTANO,SAR,20-29,2,1,1,2,0,0,3,0,Sardegna,ITG2
2021-01-15,PF/BT,P. OSPEDALIERO 'SAN MARTINO' - ORISTANO,SAR,30-39,2,3,1,4,0,0,5,0,Sardegna,ITG2
2021-01-15,PF/BT,P. OSPEDALIERO 'SAN MARTINO' - ORISTANO,SAR,40-49,6,3,3,6,0,0,9,0,Sardegna,ITG2
2021-01-15,PF/BT,P. OSPEDALIERO 'SAN MARTINO' - ORISTANO,SAR,50-59,10,1,2,9,0,0,11,0,Sardegna,ITG2
2021-01-15,PF/BT,P. OSPEDALIERO 'SAN MARTINO' - ORISTANO,SAR,60-69,6,2,2,6,0,0,8,0,Sardegna,ITG2
2021-01-15,PF/BT,P.O.  SAN FRANCESCO,SAR,20-29,4,19,23,0,0,0,23,0,Sardegna,ITG2
2021-01-15,PF/BT,P.O.  SAN FRANCESCO,SAR,30-39,10,38,46,2,0,0,48,0,Sardegna,ITG2
2021-01-15,PF/BT,P.O.  SAN FRANCESCO,SAR,40-49,21,47,59,9,0,0,68,0,Sardegna,ITG2
2021-01-15,PF/BT,P.O.  SAN FRANCESCO,SAR,50-59,32,89,112,9,0,0,121,0,Sardegna,ITG2
2021-01-15,PF/BT,P.O.  SAN FRANCESCO,SAR,60-69,15,30,44,1,0,0,45,0,Sardegna,ITG2
2021-01-15,PF/BT,P.O. GIOVANNI PAOLO II OLBIA,SAR,16-19,1,0,0,0,0,1,1,0,Sardegna,ITG2
2021-01-15,PF/BT,P.O. GIOVANNI PAOLO II OLBIA,SAR,20-29,3,5,7,0,0,1,8,0,Sardegna,ITG2
2021-01-15,PF/BT,P.O. GIOVANNI PAOLO II OLBIA,SAR,30-39,10,11,14,0,0,7,21,0,Sardegna,ITG2
2021-01-15,PF/BT,P.O. GIOVANNI PAOLO II OLBIA,SAR,40-49,10,20,24,0,0,6,30,0,Sardegna,ITG2
2021-01-15,PF/BT,P.O. GIOVANNI PAOLO II OLBIA,SAR,50-59,9,22,22,0,0,9,31,0,Sardegna,ITG2
2021-01-15,PF/BT,P.O. GIOVANNI PAOLO II OLBIA,SAR,60-69,1,10,10,0,0,1,11,0,Sardegna,ITG2
2021-01-15,PF/BT,P.O. MARINO CAGLIARI,SAR,20-29,5,7,11,1,0,0,12,0,Sardegna,ITG2
2021-01-15,PF/BT,P.O. MARINO CAGLIARI,SAR,30-39,6,11,14,3,0,0,17,0,Sardegna,ITG2
2021-01-15,PF/BT,P.O. MARINO CAGLIARI,SAR,40-49,11,18,22,7,0,0,29,0,Sardegna,ITG2
2021-01-15,PF/BT,P.O. MARINO CAGLIARI,SAR,50-59,4,9,9,4,0,0,13,0,Sardegna,ITG2
2021-01-15,PF/BT,P.O. MARINO CAGLIARI,SAR,60-69,5,4,9,0,0,0,9,0,Sardegna,ITG2
2021-01-15,PF/BT,P.O. MARINO CAGLIARI,SAR,70-79,4,0,4,0,0,0,4,0,Sardegna,ITG2
2021-01-15,PF/BT,P.O. PAOLO DETTORI - TEMPIO P.,SAR,20-29,1,0,0,0,0,1,1,0,Sardegna,ITG2
2021-01-15,PF/BT,P.O. PAOLO DETTORI - TEMPIO P.,SAR,30-39,2,0,2,0,0,0,2,0,Sardegna,ITG2
2021-01-15,PF/BT,P.O. PAOLO DETTORI - TEMPIO P.,SAR,40-49,2,5,3,0,0,4,7,0,Sardegna,ITG2
2021-01-15,PF/BT,P.O. PAOLO DETTORI - TEMPIO P.,SAR,50-59,4,9,8,0,0,5,13,0,Sardegna,ITG2
2021-01-15,PF/BT,P.O. PAOLO DETTORI - TEMPIO P.,SAR,60-69,4,3,3,0,0,4,7,0,Sardegna,ITG2
2021-01-15,PF/BT,P.O. PAOLO MERLO LA MADDALENA,SAR,30-39,0,1,1,0,0,0,1,0,Sardegna,ITG2
2021-01-15,PF/BT,P.O. PAOLO MERLO LA MADDALENA,SAR,40-49,0,3,3,0,0,0,3,0,Sardegna,ITG2
2021-01-15,PF/BT,P.O. PAOLO MERLO LA MADDALENA,SAR,50-59,0,5,5,0,0,0,5,0,Sardegna,ITG2
2021-01-15,PF/BT,P.O. PAOLO MERLO LA MADDALENA,SAR,60-69,4,4,8,0,0,0,8,0,Sardegna,ITG2
2021-01-15,PF/BT,P.O. PAOLO MERLO LA MADDALENA,SAR,70-79,1,0,1,0,0,0,1,0,Sardegna,ITG2
2021-01-15,PF/BT,P.O. R.BINAGHI CAGLIARI,SAR,16-19,1,0,1,0,0,0,1,0,Sardegna,ITG2
2021-01-15,PF/BT,P.O. R.BINAGHI CAGLIARI,SAR,20-29,2,11,9,4,0,0,13,0,Sardegna,ITG2
2021-01-15,PF/BT,P.O. R.BINAGHI CAGLIARI,SAR,30-39,11,16,18,9,0,0,27,0,Sardegna,ITG2
2021-01-15,PF/BT,P.O. R.BINAGHI CAGLIARI,SAR,40-49,11,25,30,6,0,0,36,0,Sardegna,ITG2
2021-01-15,PF/BT,P.O. R.BINAGHI CAGLIARI,SAR,50-59,11,28,27,12,0,0,39,0,Sardegna,ITG2
2021-01-15,PF/BT,P.O. R.BINAGHI CAGLIARI,SAR,60-69,31,27,52,6,0,0,58,0,Sardegna,ITG2
2021-01-15,PF/BT,P.O. R.BINAGHI CAGLIARI,SAR,70-79,6,0,6,0,0,0,6,0,Sardegna,ITG2
2021-01-15,PF/BT,P.O. SAN CAMILLO - AMBULATORIO,SAR,30-39,0,2,2,0,0,0,2,0,Sardegna,ITG2
2021-01-15,PF/BT,P.O. SAN CAMILLO - AMBULATORIO,SAR,40-49,3,18,20,1,0,0,21,0,Sardegna,ITG2
2021-01-15,PF/BT,P.O. SAN CAMILLO - AMBULATORIO,SAR,50-59,16,47,56,7,0,0,63,0,Sardegna,ITG2
2021-01-15,PF/BT,P.O. SAN CAMILLO - AMBULATORIO,SAR,60-69,9,13,20,2,0,0,22,0,Sardegna,ITG2
2021-01-15,PF/BT,P.O. SAN GIUSEPPE ISILI,SAR,30-39,0,6,5,1,0,0,6,0,Sardegna,ITG2
2021-01-15,PF/BT,P.O. SAN GIUSEPPE ISILI,SAR,40-49,4,3,5,2,0,0,7,0,Sardegna,ITG2
2021-01-15,PF/BT,P.O. SAN GIUSEPPE ISILI,SAR,50-59,3,18,19,2,0,0,21,0,Sardegna,ITG2
2021-01-15,PF/BT,P.O. SAN GIUSEPPE ISILI,SAR,60-69,2,6,5,3,0,0,8,0,Sardegna,ITG2
2021-01-15,PF/BT,P.O. SAN MARCELLINO MURAVERA,SAR,20-29,1,3,4,0,0,0,4,0,Sardegna,ITG2
2021-01-15,PF/BT,P.O. SAN MARCELLINO MURAVERA,SAR,30-39,1,1,2,0,0,0,2,0,Sardegna,ITG2
2021-01-15,PF/BT,P.O. SAN MARCELLINO MURAVERA,SAR,40-49,1,6,5,2,0,0,7,0,Sardegna,ITG2
2021-01-15,PF/BT,P.O. SAN MARCELLINO MURAVERA,SAR,50-59,8,10,15,3,0,0,18,0,Sardegna,ITG2
2021-01-15,PF/BT,P.O. SAN MARCELLINO MURAVERA,SAR,60-69,2,3,5,0,0,0,5,0,Sardegna,ITG2
2021-01-15,PF/BT,P.O. SAN MICHELE - AOB,SAR,20-29,4,4,4,4,0,0,8,0,Sardegna,ITG2
2021-01-15,PF/BT,P.O. SAN MICHELE - AOB,SAR,30-39,25,9,14,20,0,0,34,0,Sardegna,ITG2
2021-01-15,PF/BT,P.O. SAN MICHELE - AOB,SAR,40-49,14,20,12,22,0,0,34,0,Sardegna,ITG2
2021-01-15,PF/BT,P.O. SAN MICHELE - AOB,SAR,50-59,19,24,23,20,0,0,43,0,Sardegna,ITG2
2021-01-15,PF/BT,P.O. SAN MICHELE - AOB,SAR,60-69,10,9,7,12,0,0,19,0,Sardegna,ITG2
2021-01-15,PF/BT,P.O. SS. TRINITA` CAGLIARI,SAR,20-29,0,2,1,1,0,0,2,0,Sardegna,ITG2
2021-01-15,PF/BT,P.O. SS. TRINITA` CAGLIARI,SAR,30-39,7,9,12,4,0,0,16,0,Sardegna,ITG2
2021-01-15,PF/BT,P.O. SS. TRINITA` CAGLIARI,SAR,40-49,9,14,22,1,0,0,23,0,Sardegna,ITG2
2021-01-15,PF/BT,P.O. SS. TRINITA` CAGLIARI,SAR,50-59,18,15,32,1,0,0,33,0,Sardegna,ITG2
2021-01-15,PF/BT,P.O. SS. TRINITA` CAGLIARI,SAR,60-69,12,16,22,6,0,0,28,0,Sardegna,ITG2
2021-01-15,PF/BT,P.O. SS. TRINITA` CAGLIARI,SAR,70-79,6,0,6,0,0,0,6,0,Sardegna,ITG2
2021-01-15,PF/BT,POLICLINICO MONSERRATO-AOU CAGLIARI,SAR,20-29,14,9,23,0,0,0,23,0,Sardegna,ITG2
2021-01-15,PF/BT,POLICLINICO MONSERRATO-AOU CAGLIARI,SAR,30-39,14,14,26,2,0,0,28,0,Sardegna,ITG2
2021-01-15,PF/BT,POLICLINICO MONSERRATO-AOU CAGLIARI,SAR,40-49,4,13,12,5,0,0,17,0,Sardegna,ITG2
2021-01-15,PF/BT,POLICLINICO MONSERRATO-AOU CAGLIARI,SAR,50-59,2,10,9,3,0,0,12,0,Sardegna,ITG2
2021-01-15,PF/BT,POLICLINICO MONSERRATO-AOU CAGLIARI,SAR,60-69,2,8,9,1,0,0,10,0,Sardegna,ITG2
2021-01-16,PF/BT,AMB P.O. 'A.G. MASTINO' - BOSA,SAR,20-29,0,2,2,0,0,0,2,0,Sardegna,ITG2
2021-01-16,PF/BT,AMB P.O. 'A.G. MASTINO' - BOSA,SAR,30-39,1,10,9,2,0,0,11,0,Sardegna,ITG2
2021-01-16,PF/BT,AMB P.O. 'A.G. MASTINO' - BOSA,SAR,40-49,5,21,24,2,0,0,26,0,Sardegna,ITG2
2021-01-16,PF/BT,AMB P.O. 'A.G. MASTINO' - BOSA,SAR,50-59,8,32,33,7,0,0,40,0,Sardegna,ITG2
2021-01-16,PF/BT,AMB P.O. 'A.G. MASTINO' - BOSA,SAR,60-69,9,14,15,8,0,0,23,0,Sardegna,ITG2
2021-01-16,PF/BT,OSPEDALE CIVILE ALGHERO,SAR,20-29,0,1,1,0,0,0,1,0,Sardegna,ITG2
2021-01-16,PF/BT,OSPEDALE CIVILE ALGHERO,SAR,30-39,5,2,3,4,0,0,7,0,Sardegna,ITG2
2021-01-16,PF/BT,OSPEDALE CIVILE ALGHERO,SAR,40-49,6,8,10,4,0,0,14,0,Sardegna,ITG2
2021-01-16,PF/BT,OSPEDALE CIVILE ALGHERO,SAR,50-59,1,8,8,1,0,0,9,0,Sardegna,ITG2
2021-01-16,PF/BT,OSPEDALE CIVILE ALGHERO,SAR,60-69,1,4,4,1,0,0,5,0,Sardegna,ITG2
2021-01-16,PF/BT,P. OSPEDALIERO 'SAN MARTINO' - ORISTANO,SAR,20-29,5,3,8,0,0,0,8,0,Sardegna,ITG2
2021-01-16,PF/BT,P. OSPEDALIERO 'SAN MARTINO' - ORISTANO,SAR,30-39,8,9,15,2,0,0,17,0,Sardegna,ITG2
2021-01-16,PF/BT,P. OSPEDALIERO 'SAN MARTINO' - ORISTANO,SAR,40-49,8,13,16,5,0,0,21,0,Sardegna,ITG2
2021-01-16,PF/BT,P. OSPEDALIERO 'SAN MARTINO' - ORISTANO,SAR,50-59,8,28,31,5,0,0,36,0,Sardegna,ITG2
2021-01-16,PF/BT,P. OSPEDALIERO 'SAN MARTINO' - ORISTANO,SAR,60-69,3,15,16,2,0,0,18,0,Sardegna,ITG2
2021-01-16,PF/BT,P. OSPEDALIERO 'SAN MARTINO' - ORISTANO,SAR,70-79,2,0,1,1,0,0,2,0,Sardegna,ITG2
2021-01-16,PF/BT,P.O.  SAN FRANCESCO,SAR,20-29,2,2,2,2,0,0,4,0,Sardegna,ITG2
2021-01-16,PF/BT,P.O.  SAN FRANCESCO,SAR,30-39,5,5,10,0,0,0,10,0,Sardegna,ITG2
2021-01-16,PF/BT,P.O.  SAN FRANCESCO,SAR,40-49,7,12,18,1,0,0,19,0,Sardegna,ITG2
2021-01-16,PF/BT,P.O.  SAN FRANCESCO,SAR,50-59,3,19,20,2,0,0,22,0,Sardegna,ITG2
2021-01-16,PF/BT,P.O.  SAN FRANCESCO,SAR,60-69,1,9,7,3,0,0,10,0,Sardegna,ITG2
2021-01-16,PF/BT,P.O.  SAN FRANCESCO,SAR,70-79,1,0,1,0,0,0,1,0,Sardegna,ITG2
2021-01-16,PF/BT,P.O. MARINO CAGLIARI,SAR,20-29,1,3,1,3,0,0,4,0,Sardegna,ITG2
2021-01-16,PF/BT,P.O. MARINO CAGLIARI,SAR,30-39,5,14,11,8,0,0,19,0,Sardegna,ITG2
2021-01-16,PF/BT,P.O. MARINO CAGLIARI,SAR,40-49,9,10,9,10,0,0,19,0,Sardegna,ITG2
2021-01-16,PF/BT,P.O. MARINO CAGLIARI,SAR,50-59,1,6,5,2,0,0,7,0,Sardegna,ITG2
2021-01-16,PF/BT,P.O. MARINO CAGLIARI,SAR,60-69,3,4,4,3,0,0,7,0,Sardegna,ITG2
2021-01-16,PF/BT,P.O. MARINO CAGLIARI,SAR,70-79,2,0,2,0,0,0,2,0,Sardegna,ITG2
2021-01-16,PF/BT,P.O. MARINO CAGLIARI,SAR,80-89,2,0,1,1,0,0,2,0,Sardegna,ITG2
2021-01-16,PF/BT,P.O. PAOLO DETTORI - TEMPIO P.,SAR,20-29,3,1,1,0,0,3,4,0,Sardegna,ITG2
2021-01-16,PF/BT,P.O. PAOLO DETTORI - TEMPIO P.,SAR,30-39,6,5,4,0,0,7,11,0,Sardegna,ITG2
2021-01-16,PF/BT,P.O. PAOLO DETTORI - TEMPIO P.,SAR,40-49,4,5,2,0,0,7,9,0,Sardegna,ITG2
2021-01-16,PF/BT,P.O. PAOLO DETTORI - TEMPIO P.,SAR,50-59,4,5,1,0,0,8,9,0,Sardegna,ITG2
2021-01-16,PF/BT,P.O. PAOLO DETTORI - TEMPIO P.,SAR,60-69,1,2,1,0,0,2,3,0,Sardegna,ITG2
2021-01-16,PF/BT,P.O. PAOLO MERLO LA MADDALENA,SAR,30-39,1,1,2,0,0,0,2,0,Sardegna,ITG2
2021-01-16,PF/BT,P.O. PAOLO MERLO LA MADDALENA,SAR,40-49,2,6,5,3,0,0,8,0,Sardegna,ITG2
2021-01-16,PF/BT,P.O. PAOLO MERLO LA MADDALENA,SAR,50-59,2,10,11,1,0,0,12,0,Sardegna,ITG2
2021-01-16,PF/BT,P.O. PAOLO MERLO LA MADDALENA,SAR,60-69,1,4,5,0,0,0,5,0,Sardegna,ITG2
2021-01-16,PF/BT,P.O. R.BINAGHI CAGLIARI,SAR,20-29,6,11,17,0,0,0,17,0,Sardegna,ITG2
2021-01-16,PF/BT,P.O. R.BINAGHI CAGLIARI,SAR,30-39,6,8,10,4,0,0,14,0,Sardegna,ITG2
2021-01-16,PF/BT,P.O. R.BINAGHI CAGLIARI,SAR,40-49,6,6,9,3,0,0,12,0,Sardegna,ITG2
2021-01-16,PF/BT,P.O. R.BINAGHI CAGLIARI,SAR,50-59,9,26,32,3,0,0,35,0,Sardegna,ITG2
2021-01-16,PF/BT,P.O. R.BINAGHI CAGLIARI,SAR,60-69,20,22,42,0,0,0,42,0,Sardegna,ITG2
2021-01-16,PF/BT,P.O. SAN GIUSEPPE ISILI,SAR,30-39,1,3,1,3,0,0,4,0,Sardegna,ITG2
2021-01-16,PF/BT,P.O. SAN GIUSEPPE ISILI,SAR,40-49,3,6,2,7,0,0,9,0,Sardegna,ITG2
2021-01-16,PF/BT,P.O. SAN GIUSEPPE ISILI,SAR,50-59,6,12,13,5,0,0,18,0,Sardegna,ITG2
2021-01-16,PF/BT,P.O. SAN GIUSEPPE ISILI,SAR,60-69,4,7,9,2,0,0,11,0,Sardegna,ITG2
2021-01-16,PF/BT,P.O. SS. TRINITA` CAGLIARI,SAR,20-29,2,4,6,0,0,0,6,0,Sardegna,ITG2
2021-01-16,PF/BT,P.O. SS. TRINITA` CAGLIARI,SAR,30-39,5,4,9,0,0,0,9,0,Sardegna,ITG2
2021-01-16,PF/BT,P.O. SS. TRINITA` CAGLIARI,SAR,40-49,8,14,22,0,0,0,22,0,Sardegna,ITG2
2021-01-16,PF/BT,P.O. SS. TRINITA` CAGLIARI,SAR,50-59,5,10,15,0,0,0,15,0,Sardegna,ITG2
2021-01-16,PF/BT,P.O. SS. TRINITA` CAGLIARI,SAR,60-69,7,3,10,0,0,0,10,0,Sardegna,ITG2
2021-01-16,PF/BT,P.O. SS. TRINITA` CAGLIARI,SAR,70-79,4,0,4,0,0,0,4,0,Sardegna,ITG2
2021-01-16,PF/BT,PRESIDIO OSPEDALIERO N.S. DI BONARIA,SAR,20-29,7,10,14,3,0,0,17,0,Sardegna,ITG2
2021-01-16,PF/BT,PRESIDIO OSPEDALIERO N.S. DI BONARIA,SAR,30-39,5,7,5,7,0,0,12,0,Sardegna,ITG2
2021-01-16,PF/BT,PRESIDIO OSPEDALIERO N.S. DI BONARIA,SAR,40-49,4,8,3,9,0,0,12,0,Sardegna,ITG2
2021-01-16,PF/BT,PRESIDIO OSPEDALIERO N.S. DI BONARIA,SAR,50-59,7,9,11,5,0,0,16,0,Sardegna,ITG2
2021-01-16,PF/BT,PRESIDIO OSPEDALIERO N.S. DI BONARIA,SAR,60-69,3,6,8,1,0,0,9,0,Sardegna,ITG2
2021-01-16,PF/BT,PVT IGLESIAS,SAR,20-29,6,8,13,1,0,0,14,0,Sardegna,ITG2
2021-01-16,PF/BT,PVT IGLESIAS,SAR,30-39,19,23,35,7,0,0,42,0,Sardegna,ITG2
2021-01-16,PF/BT,PVT IGLESIAS,SAR,40-49,31,57,76,12,0,0,88,0,Sardegna,ITG2
2021-01-16,PF/BT,PVT IGLESIAS,SAR,50-59,63,143,197,9,0,0,206,0,Sardegna,ITG2
2021-01-16,PF/BT,PVT IGLESIAS,SAR,60-69,52,70,122,0,0,0,122,0,Sardegna,ITG2
2021-01-16,PF/BT,PVT IGLESIAS,SAR,70-79,1,0,1,0,0,0,1,0,Sardegna,ITG2
2021-01-16,PF/BT,SISP-SASSARI COVID,SAR,20-29,1,14,14,1,0,0,15,0,Sardegna,ITG2
2021-01-16,PF/BT,SISP-SASSARI COVID,SAR,30-39,23,23,44,2,0,0,46,0,Sardegna,ITG2
2021-01-16,PF/BT,SISP-SASSARI COVID,SAR,40-49,11,44,49,5,0,1,55,0,Sardegna,ITG2
2021-01-16,PF/BT,SISP-SASSARI COVID,SAR,50-59,22,62,73,10,0,1,84,0,Sardegna,ITG2
2021-01-16,PF/BT,SISP-SASSARI COVID,SAR,60-69,39,51,86,3,0,1,90,0,Sardegna,ITG2
2021-01-16,PF/BT,SISP-SASSARI COVID,SAR,70-79,3,1,3,0,0,1,4,0,Sardegna,ITG2
2021-01-17,PF/BT,P.O. SAN MARTINO ORISTANO,SAR,20-29,2,11,8,5,0,0,13,0,Sardegna,ITG2
2021-01-17,PF/BT,P.O. SAN MARTINO ORISTANO,SAR,30-39,5,8,8,5,0,0,13,0,Sardegna,ITG2
2021-01-17,PF/BT,P.O. SAN MARTINO ORISTANO,SAR,40-49,9,12,11,10,0,0,21,0,Sardegna,ITG2
2021-01-17,PF/BT,P.O. SAN MARTINO ORISTANO,SAR,50-59,10,19,18,11,0,0,29,0,Sardegna,ITG2
2021-01-17,PF/BT,P.O. SAN MARTINO ORISTANO,SAR,60-69,9,8,11,6,0,0,17,0,Sardegna,ITG2
2021-01-17,PF/BT,P.O. SAN MARTINO ORISTANO,SAR,70-79,2,1,2,1,0,0,3,0,Sardegna,ITG2
